city1,city2,pop1,pop2,continent1,continent2,param_dist,dA,ddelta,dkappa,A1,A2,kappa1,kappa2,delta1,delta2,alpha1,alpha2
Lagos,Buenos Aires,15945,15490,Africa,Latin America,11.694,11.682,0.0645,0.111,5.836,17.518,0.126,0.237,-0.1059,-0.1704,0.182,-0.062
Alexandria,Ibadan,5588,3874,Africa,Africa,10.35,9.819,0.07,0.301,14.242,4.424,0.075,-0.226,-0.0661,-0.1361,1.155,-2.093
Buenos Aires,Bangalore,15490,13607,Latin America,Asia,10.259,10.09,0.0131,0.19,17.518,7.427,0.237,0.047,-0.1704,-0.1835,-0.062,-1.762
Buenos Aires,Mexico City,15490,22281,Latin America,Latin America,10.198,10.027,0.0155,0.06,17.518,7.49,0.237,0.178,-0.1704,-0.1548,-0.062,-1.839
Buenos Aires,Chennai,15490,11776,Latin America,Asia,10.16,10.148,0.0473,0.242,17.518,7.369,0.237,-0.005,-0.1704,-0.1231,-0.062,-0.129
Buenos Aires,Kinshasa,15490,16315,Latin America,Africa,10.02,10.007,0.2345,0.1,17.518,7.511,0.237,0.138,-0.1704,-0.4049,-0.062,-0.115
Hanoi,Ibadan,5253,3874,Asia,Africa,9.949,9.723,0.0916,0.217,14.146,4.424,-0.009,-0.226,-0.0445,-0.1361,-0.022,-2.093
Buenos Aires,Jakarta,15490,11248,Latin America,Asia,9.822,9.726,0.0771,0.368,17.518,7.792,0.237,0.606,-0.1704,-0.0932,-0.062,-1.311
Alexandria,Kumasi,5588,3768,Africa,Africa,9.726,9.309,0.0311,0.497,14.242,4.933,0.075,-0.422,-0.0661,-0.0972,1.155,-1.612
Buenos Aires,Karachi,15490,17236,Latin America,Asia,9.624,9.605,0.0905,0.218,17.518,7.912,0.237,0.019,-0.1704,-0.0799,-0.062,-0.316
Alexandria,Kampala,5588,3846,Africa,Africa,9.398,9.012,0.0391,0.488,14.242,5.23,0.075,-0.413,-0.0661,-0.1053,1.155,-1.46
Hanoi,Kumasi,5253,3768,Asia,Africa,9.362,9.213,0.0527,0.413,14.146,4.933,-0.009,-0.422,-0.0445,-0.0972,-0.022,-1.612
Alexandria,Kano,5588,4348,Africa,Africa,9.353,8.853,0.0795,0.431,14.242,5.39,0.075,-0.356,-0.0661,-0.1457,1.155,-1.805
Alexandria,Guadalajara,5588,5419,Africa,Latin America,9.303,8.723,0.0497,0.072,14.242,5.52,0.075,0.147,-0.0661,-0.1159,1.155,-2.06
Hanoi,Ouagadougou,5253,3203,Asia,Africa,9.206,9.084,0.1168,0.45,14.146,5.062,-0.009,-0.458,-0.0445,-0.1613,-0.022,-1.409
Hanoi,Kampala,5253,3846,Asia,Africa,9.043,8.916,0.0608,0.404,14.146,5.23,-0.009,-0.413,-0.0445,-0.1053,-0.022,-1.46
Alexandria,Yaounde,5588,4509,Africa,Africa,9.03,8.508,0.1287,0.322,14.242,5.735,0.075,-0.247,-0.0661,-0.1948,1.155,-1.821
Hanoi,Kano,5253,4348,Asia,Africa,8.954,8.757,0.1011,0.347,14.146,5.39,-0.009,-0.356,-0.0445,-0.1457,-0.022,-1.805
Buenos Aires,Hyderabad,15490,10801,Latin America,Asia,8.917,8.774,0.0609,0.317,17.518,8.743,0.237,-0.08,-0.1704,-0.1094,-0.062,-1.507
Hanoi,Guadalajara,5253,5419,Asia,Latin America,8.874,8.627,0.0714,0.156,14.146,5.52,-0.009,0.147,-0.0445,-0.1159,-0.022,-2.06
Alexandria,Abidjan,5588,5686,Africa,Africa,8.841,8.61,0.0476,0.052,14.242,5.632,0.075,0.127,-0.0661,-0.1137,1.155,-0.838
Rio de Janeiro,Lagos,13727,15945,Latin America,Africa,8.835,8.802,0.0625,0.182,14.638,5.836,-0.056,0.126,-0.0434,-0.1059,0.855,0.182
Rio de Janeiro,Ahmedabad,13727,8650,Latin America,Asia,8.745,8.424,0.0624,0.059,14.638,6.214,-0.056,-0.115,-0.0434,-0.1058,0.855,-1.401
Buenos Aires,Bangkok,15490,11069,Latin America,Asia,8.709,8.612,0.1393,0.339,17.518,8.906,0.237,-0.101,-0.1704,-0.0311,-0.062,-1.263
Hanoi,Yaounde,5253,4509,Asia,Africa,8.619,8.412,0.1503,0.238,14.146,5.735,-0.009,-0.247,-0.0445,-0.1948,-0.022,-1.821
Hanoi,Abidjan,5253,5686,Asia,Africa,8.559,8.514,0.0692,0.136,14.146,5.632,-0.009,0.127,-0.0445,-0.1137,-0.022,-0.838
Buenos Aires,Bogota,15490,11507,Latin America,Latin America,8.557,8.527,0.1173,0.24,17.518,8.99,0.237,-0.002,-0.1704,-0.0531,-0.062,-0.463
Alexandria,Addis Ababa,5588,5460,Africa,Africa,8.514,8.167,0.041,0.29,14.242,6.075,0.075,-0.215,-0.0661,-0.1071,1.155,-1.217
Alexandria,Dar es Salaam,5588,7775,Africa,Africa,8.487,8.425,0.1161,0.283,14.242,5.817,0.075,-0.208,-0.0661,-0.1823,1.155,0.182
Alexandria,Ahmedabad,5588,8650,Africa,Asia,8.441,8.028,0.0397,0.19,14.242,6.214,0.075,-0.115,-0.0661,-0.1058,1.155,-1.401
Lilongwe,La Paz,1276,1935,Africa,Latin America,8.391,8.367,0.007,0.544,4.646,13.012,-0.913,-0.369,-0.0753,-0.0823,-0.631,-0.925
Alexandria,Santo Domingo,5588,3523,Africa,Latin America,8.388,8.163,0.0377,0.23,14.242,6.079,0.075,-0.155,-0.0661,-0.1039,1.155,-0.751
Buenos Aires,Kolkata,15490,15332,Latin America,Asia,8.344,8.252,0.0896,0.126,17.518,9.266,0.237,0.112,-0.1704,-0.26,-0.062,-1.196
Dar es Salaam,Hanoi,7775,5253,Africa,Asia,8.336,8.329,0.1378,0.2,5.817,14.146,-0.208,-0.009,-0.1823,-0.0445,0.182,-0.022
Lagos,Sao Paulo,15945,22619,Africa,Latin America,8.292,7.971,0.1368,0.132,5.836,13.807,0.126,-0.006,-0.1059,0.0309,0.182,-2.03
Alexandria,Monterrey,5588,5116,Africa,Latin America,8.169,7.842,0.0348,0.15,14.242,6.4,0.075,-0.076,-0.0661,-0.0314,1.155,-1.122
Hanoi,Addis Ababa,5253,5460,Asia,Africa,8.169,8.071,0.0626,0.206,14.146,6.075,-0.009,-0.215,-0.0445,-0.1071,-0.022,-1.217
La Paz,Lusaka,1935,3181,Latin America,Africa,8.155,8.124,0.018,0.12,13.012,4.888,-0.369,-0.489,-0.0823,-0.1002,-0.925,-1.602
Rio de Janeiro,Luanda,13727,9292,Latin America,Africa,8.114,8.091,0.0464,0.505,14.638,6.547,-0.056,-0.561,-0.0434,-0.0898,0.855,0.568
Hanoi,Santo Domingo,5253,3523,Asia,Latin America,8.105,8.067,0.0593,0.146,14.146,6.079,-0.009,-0.155,-0.0445,-0.1039,-0.022,-0.751
Hanoi,Ahmedabad,5253,8650,Asia,Asia,8.071,7.932,0.0613,0.106,14.146,6.214,-0.009,-0.115,-0.0445,-0.1058,-0.022,-1.401
Hanoi,Puebla,5253,3344,Asia,Latin America,8.069,7.883,0.0814,0.144,14.146,6.263,-0.009,-0.153,-0.0445,-0.1259,-0.022,-1.712
Queretaro,La Paz,1413,1935,Latin America,Latin America,8.052,8.044,0.0342,0.154,4.968,13.012,-0.216,-0.369,-0.0481,-0.0823,-0.685,-0.925
Alexandria,Antananarivo,5588,3872,Africa,Africa,8.049,7.82,0.0954,0.677,14.242,6.422,0.075,-0.602,-0.0661,-0.1616,1.155,-0.602
Alexandria,Asuncion,5588,3510,Africa,Latin America,8.043,7.975,0.0411,0.303,14.242,6.267,0.075,-0.228,-0.0661,-0.1072,1.155,0.157
Mumbai,Lagos,21296,15945,Asia,Africa,8.042,7.938,0.0707,0.631,13.773,5.836,-0.505,0.126,-0.0352,-0.1059,1.271,0.182
Accra,La Paz,2660,1935,Africa,Latin America,7.984,7.906,0.0133,0.27,5.107,13.012,-0.1,-0.369,-0.0689,-0.0823,0.121,-0.925
Buenos Aires,Lima,15490,11204,Latin America,Latin America,7.979,7.859,0.0821,0.22,17.518,9.659,0.237,0.017,-0.1704,-0.0883,-0.062,-1.28
Cape Town,Ibadan,4890,3874,Africa,Africa,7.949,7.394,0.1309,0.285,11.818,4.424,-0.511,-0.226,-0.0052,-0.1361,0.788,-2.093
Aba,La Paz,1188,1935,Africa,Latin America,7.91,7.864,0.0197,0.45,5.148,13.012,-0.82,-0.369,-0.0625,-0.0823,-0.227,-0.925
Asuncion,Hanoi,3510,5253,Latin America,Asia,7.886,7.879,0.0627,0.219,6.267,14.146,-0.228,-0.009,-0.1072,-0.0445,0.157,-0.022
La Paz,Palembang,1935,1818,Latin America,Asia,7.885,7.854,0.0055,0.371,13.012,5.158,-0.369,0.002,-0.0823,-0.0768,-0.925,-1.493
La Paz,Niamey,1935,1437,Latin America,Africa,7.829,7.811,0.0055,0.307,13.012,5.201,-0.369,-0.677,-0.0823,-0.0877,-0.925,-1.325
Hanoi,Monterrey,5253,5116,Asia,Latin America,7.827,7.746,0.0131,0.067,14.146,6.4,-0.009,-0.076,-0.0445,-0.0314,-0.022,-1.122
Kigali,La Paz,1247,1935,Africa,Latin America,7.821,7.752,0.0029,0.25,5.26,13.012,-0.62,-0.369,-0.0793,-0.0823,0.052,-0.925
Buenos Aires,Manila,15490,14667,Latin America,Asia,7.817,7.773,0.0528,0.062,17.518,9.745,0.237,0.3,-0.1704,-0.1176,-0.062,-0.779
Freetown,La Paz,1309,1935,Africa,Latin America,7.803,7.608,0.0376,0.24,5.404,13.012,-0.609,-0.369,-0.0446,-0.0823,0.777,-0.925
Hanoi,Antananarivo,5253,3872,Asia,Africa,7.776,7.724,0.1171,0.594,14.146,6.422,-0.009,-0.602,-0.0445,-0.1616,-0.022,-0.602
Rio de Janeiro,Bangalore,13727,13607,Latin America,Asia,7.698,7.211,0.1401,0.103,14.638,7.427,-0.056,0.047,-0.0434,-0.1835,0.855,-1.762
Alexandria,Jaipur,5588,4207,Africa,Asia,7.695,7.432,0.0849,0.045,14.242,6.81,0.075,0.12,-0.0661,-0.1511,1.155,-0.831
La Paz,Leon,1935,1898,Latin America,Latin America,7.695,7.69,0.0315,0.192,13.012,5.322,-0.369,-0.177,-0.0823,-0.0508,-0.925,-1.025
Rio de Janeiro,Mexico City,13727,22281,Latin America,Latin America,7.657,7.148,0.1115,0.234,14.638,7.49,-0.056,0.178,-0.0434,-0.1548,0.855,-1.839
Brasilia,Ibadan,4873,3874,Latin America,Africa,7.556,6.892,0.1288,0.278,11.316,4.424,-0.504,-0.226,-0.0074,-0.1361,0.97,-2.093
La Paz,San Jose,1935,1820,Latin America,Latin America,7.487,7.479,0.034,0.304,13.012,5.533,-0.369,-0.066,-0.0823,-0.0483,-0.925,-0.965
Conakry,La Paz,2110,1935,Africa,Latin America,7.475,6.737,0.04,0.323,6.275,13.012,-0.046,-0.369,-0.0423,-0.0823,2.281,-0.925
Port-au-Prince,La Paz,2987,1935,Latin America,Latin America,7.474,7.466,0.0681,0.068,5.546,13.012,-0.437,-0.369,-0.1503,-0.0823,-0.621,-0.925
La Paz,Nouakchott,1935,1491,Latin America,Africa,7.456,7.266,0.0563,0.187,13.012,5.746,-0.369,-0.182,-0.0823,-0.1386,-0.925,-2.547
Bujumbura,La Paz,1206,1935,Africa,Latin America,7.439,7.397,0.0321,0.102,5.615,13.012,-0.268,-0.369,-0.1143,-0.0823,-0.167,-0.925
Monrovia,La Paz,1678,1935,Africa,Latin America,7.431,7.179,0.0321,0.17,5.833,13.012,-0.199,-0.369,-0.1143,-0.0823,0.969,-0.925
Tegucigalpa,La Paz,1568,1935,Latin America,Latin America,7.403,7.375,0.0104,0.137,5.637,13.012,-0.232,-0.369,-0.0926,-0.0823,-0.314,-0.925
Hanoi,Jaipur,5253,4207,Asia,Asia,7.387,7.336,0.1065,0.129,14.146,6.81,-0.009,0.12,-0.0445,-0.1511,-0.022,-0.831
Buenos Aires,Dhaka,15490,23209,Latin America,Asia,7.368,7.329,0.0011,0.426,17.518,10.189,0.237,-0.188,-0.1704,-0.1714,-0.062,-0.427
Rio de Janeiro,Chennai,13727,11776,Latin America,Asia,7.341,7.269,0.0797,0.051,14.638,7.369,-0.056,-0.005,-0.0434,-0.1231,0.855,-0.129
Cape Town,Lusaka,4890,3181,Africa,Africa,7.339,6.93,0.095,0.022,11.818,4.888,-0.511,-0.489,-0.0052,-0.1002,0.788,-1.602
Cape Town,Kumasi,4890,3768,Africa,Africa,7.298,6.884,0.092,0.09,11.818,4.933,-0.511,-0.422,-0.0052,-0.0972,0.788,-1.612
Rio de Janeiro,Jakarta,13727,11248,Latin America,Asia,7.217,6.846,0.0499,0.662,14.638,7.792,-0.056,0.606,-0.0434,-0.0932,0.855,-1.311
Rio de Janeiro,Kinshasa,13727,16315,Latin America,Africa,7.214,7.127,0.3615,0.194,14.638,7.511,-0.056,0.138,-0.0434,-0.4049,0.855,-0.115
Cape Town,Ouagadougou,4890,3203,Africa,Africa,7.113,6.756,0.1561,0.053,11.818,5.062,-0.511,-0.458,-0.0052,-0.1613,0.788,-1.409
Mumbai,Bangalore,21296,13607,Asia,Asia,7.063,6.346,0.1483,0.552,13.773,7.427,-0.505,0.047,-0.0352,-0.1835,1.271,-1.762
Mumbai,Mexico City,21296,22281,Asia,Latin America,7.047,6.283,0.1197,0.683,13.773,7.49,-0.505,0.178,-0.0352,-0.1548,1.271,-1.839
Salvador,Ibadan,3958,3874,Latin America,Africa,6.997,6.527,0.06,0.427,10.951,4.424,0.201,-0.226,-0.0761,-0.1361,0.384,-2.093
Cape Town,Kampala,4890,3846,Africa,Africa,6.967,6.588,0.1001,0.098,11.818,5.23,-0.511,-0.413,-0.0052,-0.1053,0.788,-1.46
Cape Town,Guadalajara,4890,5419,Africa,Latin America,6.957,6.298,0.1107,0.659,11.818,5.52,-0.511,0.147,-0.0052,-0.1159,0.788,-2.06
Cape Town,Kano,4890,4348,Africa,Africa,6.95,6.428,0.1405,0.155,11.818,5.39,-0.511,-0.356,-0.0052,-0.1457,0.788,-1.805
Brasilia,Lusaka,4873,3181,Latin America,Africa,6.931,6.428,0.0929,0.015,11.316,4.888,-0.504,-0.489,-0.0074,-0.1002,0.97,-1.602
Alexandria,Pune,5588,7166,Africa,Asia,6.9,6.68,0.0191,0.52,14.242,7.563,0.075,-0.446,-0.0661,-0.0471,1.155,-0.48
Brasilia,Kumasi,4873,3768,Latin America,Africa,6.892,6.382,0.0899,0.083,11.316,4.933,-0.504,-0.422,-0.0074,-0.0972,0.97,-1.612
Rio de Janeiro,Karachi,13727,17236,Latin America,Asia,6.839,6.726,0.0366,0.075,14.638,7.912,-0.056,0.019,-0.0434,-0.0799,0.855,-0.316
Semarang,La Paz,1975,1935,Asia,Latin America,6.834,6.802,0.0237,0.585,6.21,13.012,0.215,-0.369,-0.0586,-0.0823,-0.67,-0.925
Davao,La Paz,1949,1935,Asia,Latin America,6.826,6.701,0.0019,0.293,6.311,13.012,-0.076,-0.369,-0.0842,-0.0823,0.331,-0.925
Kuala Lumpur,Guadalajara,8621,5419,Asia,Latin America,6.821,6.587,0.1234,0.407,12.106,5.52,-0.26,0.147,0.0076,-0.1159,-0.365,-2.06
La Paz,Medan,1935,2439,Latin America,Asia,6.773,6.65,0.0172,0.827,13.012,6.363,-0.369,0.457,-0.0823,-0.0995,-0.925,-1.906
Dakar,Hanoi,3429,5253,Africa,Asia,6.766,6.626,0.019,0.051,7.52,14.146,0.043,-0.009,-0.0635,-0.0445,1.335,-0.022
Dakar,Alexandria,3429,5588,Africa,Africa,6.725,6.722,0.0026,0.032,7.52,14.242,0.043,0.075,-0.0635,-0.0661,1.335,1.155
Surabaya,La Paz,3044,1935,Asia,Latin America,6.705,6.614,0.0003,1.004,6.398,13.012,0.635,-0.369,-0.0819,-0.0823,-0.527,-0.925
Mombasa,La Paz,1440,1935,Africa,Latin America,6.704,6.578,0.0156,0.373,6.435,13.012,0.003,-0.369,-0.0979,-0.0823,0.305,-0.925
Brazzaville,La Paz,2637,1935,Africa,Latin America,6.702,6.65,0.022,0.154,6.362,13.012,-0.215,-0.369,-0.1043,-0.0823,-0.135,-0.925
Brasilia,Ouagadougou,4873,3203,Latin America,Africa,6.7,6.254,0.154,0.046,11.316,5.062,-0.504,-0.458,-0.0074,-0.1613,0.97,-1.409
Cape Town,Yaounde,4890,4509,Africa,Africa,6.645,6.083,0.1896,0.264,11.818,5.735,-0.511,-0.247,-0.0052,-0.1948,0.788,-1.821
Hanoi,Pune,5253,7166,Asia,Asia,6.622,6.584,0.0026,0.437,14.146,7.563,-0.009,-0.446,-0.0445,-0.0471,-0.022,-0.48
Algiers,Ibadan,2901,3874,Africa,Africa,6.616,6.078,0.1502,0.446,10.502,4.424,-0.672,-0.226,0.0141,-0.1361,0.464,-2.093
Kinshasa,Sao Paulo,16315,22619,Africa,Latin America,6.601,6.296,0.4358,0.143,7.511,13.807,0.138,-0.006,-0.4049,0.0309,-0.115,-2.03
Brasilia,Guadalajara,4873,5419,Latin America,Latin America,6.586,5.796,0.1085,0.652,11.316,5.52,-0.504,0.147,-0.0074,-0.1159,0.97,-2.06
Brasilia,Kano,4873,4348,Latin America,Africa,6.562,5.926,0.1383,0.148,11.316,5.39,-0.504,-0.356,-0.0074,-0.1457,0.97,-1.805
Brasilia,Kampala,4873,3846,Latin America,Africa,6.559,6.086,0.0979,0.091,11.316,5.23,-0.504,-0.413,-0.0074,-0.1053,0.97,-1.46
Alexandria,Abuja,5588,3839,Africa,Africa,6.542,6.456,0.0441,0.73,14.242,7.787,0.075,-0.655,-0.0661,-0.0221,1.155,0.395
Kuala Lumpur,Abidjan,8621,5686,Asia,Africa,6.507,6.474,0.1213,0.387,12.106,5.632,-0.26,0.127,0.0076,-0.1137,-0.365,-0.838
Harare,La Paz,1578,1935,Africa,Latin America,6.484,6.423,0.0445,0.401,6.589,13.012,-0.77,-0.369,-0.0377,-0.0823,-0.156,-0.925
Mumbai,Kinshasa,21296,16315,Asia,Africa,6.457,6.263,0.3697,0.643,13.773,7.511,-0.505,0.138,-0.0352,-0.4049,1.271,-0.115
Cape Town,Abidjan,4890,5686,Africa,Africa,6.437,6.186,0.1085,0.639,11.818,5.632,-0.511,0.127,-0.0052,-0.1137,0.788,-0.838
Cape Town,Port-au-Prince,4890,2987,Africa,Latin America,6.436,6.272,0.1451,0.074,11.818,5.546,-0.511,-0.437,-0.0052,-0.1503,0.788,-0.621
Salvador,Lusaka,3958,3181,Latin America,Africa,6.42,6.063,0.0241,0.69,10.951,4.888,0.201,-0.489,-0.0761,-0.1002,0.384,-1.602
Abuja,Hanoi,3839,5253,Africa,Asia,6.406,6.36,0.0224,0.646,7.787,14.146,-0.655,-0.009,-0.0221,-0.0445,0.395,-0.022
Salvador,Kumasi,3958,3768,Latin America,Africa,6.372,6.017,0.0211,0.623,10.951,4.933,0.201,-0.422,-0.0761,-0.0972,0.384,-1.612
Rio de Janeiro,Hyderabad,13727,10801,Latin America,Asia,6.369,5.895,0.0661,0.024,14.638,8.743,-0.056,-0.08,-0.0434,-0.1094,0.855,-1.507
Guatemala City,La Paz,3095,1935,Latin America,Latin America,6.344,6.325,0.012,0.303,6.687,13.012,-0.067,-0.369,-0.0702,-0.0823,-0.571,-0.925
Mexico City,Sao Paulo,22281,22619,Latin America,Latin America,6.331,6.316,0.1857,0.183,7.49,13.807,0.178,-0.006,-0.1548,0.0309,-1.839,-2.03
Dar es Salaam,Kuala Lumpur,7775,8621,Africa,Asia,6.317,6.289,0.1898,0.051,5.817,12.106,-0.208,-0.26,-0.1823,0.0076,0.182,-0.365
Alexandria,Johannesburg,5588,6198,Africa,Africa,6.289,6.106,0.0283,0.516,14.242,8.136,0.075,-0.441,-0.0661,-0.0379,1.155,-0.256
Brasilia,Yaounde,4873,4509,Latin America,Africa,6.266,5.581,0.1875,0.257,11.316,5.735,-0.504,-0.247,-0.0074,-0.1948,0.97,-1.821
Salvador,Ouagadougou,3958,3203,Latin America,Africa,6.194,5.889,0.0852,0.66,10.951,5.062,0.201,-0.458,-0.0761,-0.1613,0.384,-1.409
Karachi,Sao Paulo,17236,22619,Asia,Latin America,6.146,5.894,0.1108,0.025,7.912,13.807,0.019,-0.006,-0.0799,0.0309,-0.316,-2.03
Lagos,Cairo,15945,22183,Africa,Africa,6.139,5.973,0.0073,0.052,5.836,11.809,0.126,0.178,-0.1059,-0.1131,0.182,-1.157
Rio de Janeiro,Bangkok,13727,11069,Latin America,Asia,6.114,5.733,0.0123,0.045,14.638,8.906,-0.056,-0.101,-0.0434,-0.0311,0.855,-1.263
Cape Town,Puebla,4890,3344,Africa,Latin America,6.112,5.555,0.1207,0.359,11.818,6.263,-0.511,-0.153,-0.0052,-0.1259,0.788,-1.712
Belo Horizonte,Ibadan,6247,3874,Latin America,Africa,6.11,6.049,0.0482,0.272,10.473,4.424,0.046,-0.226,-0.0879,-0.1361,-1.284,-2.093
Cape Town,Addis Ababa,4890,5460,Africa,Africa,6.102,5.743,0.1019,0.296,11.818,6.075,-0.511,-0.215,-0.0052,-0.1071,0.788,-1.217
Kuala Lumpur,Addis Ababa,8621,5460,Asia,Africa,6.097,6.031,0.1147,0.045,12.106,6.075,-0.26,-0.215,0.0076,-0.1071,-0.365,-1.217
Mumbai,Karachi,21296,17236,Asia,Asia,6.096,5.861,0.0448,0.524,13.773,7.912,-0.505,0.019,-0.0352,-0.0799,1.271,-0.316
Batam,La Paz,1748,1935,Asia,Latin America,6.074,5.728,0.06,0.295,7.284,13.012,-0.074,-0.369,-0.0223,-0.0823,1.063,-0.925
Cape Town,Dar es Salaam,4890,7775,Africa,Africa,6.043,6.001,0.1771,0.303,11.818,5.817,-0.511,-0.208,-0.0052,-0.1823,0.788,0.182
Salvador,Kampala,3958,3846,Latin America,Africa,6.043,5.721,0.0292,0.614,10.951,5.23,0.201,-0.413,-0.0761,-0.1053,0.384,-1.46
Hanoi,Johannesburg,5253,6198,Asia,Africa,6.031,6.01,0.0066,0.432,14.146,8.136,-0.009,-0.441,-0.0445,-0.0379,-0.022,-0.256
Salvador,Kano,3958,4348,Latin America,Africa,6.011,5.561,0.0696,0.557,10.951,5.39,0.201,-0.356,-0.0761,-0.1457,0.384,-1.805
Brasilia,Abidjan,4873,5686,Latin America,Africa,6.006,5.683,0.1064,0.632,11.316,5.632,-0.504,0.127,-0.0074,-0.1137,0.97,-0.838
Kuala Lumpur,Ahmedabad,8621,8650,Asia,Asia,6.003,5.892,0.1134,0.145,12.106,6.214,-0.26,-0.115,0.0076,-0.1058,-0.365,-1.401
Brasilia,Port-au-Prince,4873,2987,Latin America,Latin America,5.992,5.77,0.143,0.067,11.316,5.546,-0.504,-0.437,-0.0074,-0.1503,0.97,-0.621
Algiers,Lusaka,2901,3181,Africa,Africa,5.991,5.614,0.1143,0.183,10.502,4.888,-0.672,-0.489,0.0141,-0.1002,0.464,-1.602
Cali,La Paz,2863,1935,Latin America,Latin America,5.963,5.908,0.0425,0.688,7.104,13.012,0.319,-0.369,-0.1247,-0.0823,-0.529,-0.925
Salvador,Guadalajara,3958,5419,Latin America,Latin America,5.962,5.431,0.0398,0.054,10.951,5.52,0.201,0.147,-0.0761,-0.1159,0.384,-2.06
Cape Town,Santo Domingo,4890,3523,Africa,Latin America,5.959,5.739,0.0987,0.357,11.818,6.079,-0.511,-0.155,-0.0052,-0.1039,0.788,-0.751
Algiers,Kumasi,2901,3768,Africa,Africa,5.953,5.568,0.1113,0.251,10.502,4.933,-0.672,-0.422,0.0141,-0.0972,0.464,-1.612
Makassar,La Paz,1673,1935,Asia,Latin America,5.883,5.752,0.0038,0.796,7.26,13.012,0.427,-0.369,-0.086,-0.0823,0.002,-0.925
Salvador,Accra,3958,2660,Latin America,Africa,5.861,5.844,0.0072,0.301,10.951,5.107,0.201,-0.1,-0.0761,-0.0689,0.384,0.121
Oran,Bangui,935,958,Africa,Africa,5.859,5.746,0.1135,0.66,9.747,4.0,-0.271,-0.931,-0.0169,-0.1304,-0.089,-1.011
Buenos Aires,Cairo,15490,22183,Latin America,Africa,5.857,5.709,0.0573,0.059,17.518,11.809,0.237,0.178,-0.1704,-0.1131,-0.062,-1.157
Onitsha,La Paz,1623,1935,Africa,Latin America,5.816,5.58,0.0239,0.045,7.432,13.012,-0.414,-0.369,-0.0584,-0.0823,0.692,-0.925
Rio de Janeiro,Bogota,13727,11507,Latin America,Latin America,5.815,5.648,0.0097,0.054,14.638,8.99,-0.056,-0.002,-0.0434,-0.0531,0.855,-0.463
Rio de Janeiro,Kolkata,13727,15332,Latin America,Asia,5.772,5.373,0.2167,0.168,14.638,9.266,-0.056,0.112,-0.0434,-0.26,0.855,-1.196
Cape Town,Monterrey,4890,5116,Africa,Latin America,5.767,5.418,0.0262,0.436,11.818,6.4,-0.511,-0.076,-0.0052,-0.0314,0.788,-1.122
Algiers,Ouagadougou,2901,3203,Africa,Africa,5.764,5.44,0.1754,0.214,10.502,5.062,-0.672,-0.458,0.0141,-0.1613,0.464,-1.409
Brasilia,Puebla,4873,3344,Latin America,Latin America,5.741,5.053,0.1185,0.352,11.316,6.263,-0.504,-0.153,-0.0074,-0.1259,0.97,-1.712
Algiers,Palembang,2901,1818,Africa,Asia,5.735,5.343,0.0909,0.674,10.502,5.158,-0.672,0.002,0.0141,-0.0768,0.464,-1.493
Cape Town,Surabaya,4890,3044,Africa,Asia,5.699,5.42,0.0767,1.146,11.818,6.398,-0.511,0.635,-0.0052,-0.0819,0.788,-0.527
Brasilia,Addis Ababa,4873,5460,Latin America,Africa,5.698,5.241,0.0997,0.289,11.316,6.075,-0.504,-0.215,-0.0074,-0.1071,0.97,-1.217
Salvador,Yaounde,3958,4509,Latin America,Africa,5.692,5.216,0.1187,0.448,10.951,5.735,0.201,-0.247,-0.0761,-0.1948,0.384,-1.821
Luanda,Kuala Lumpur,9292,8621,Africa,Asia,5.646,5.559,0.0973,0.302,6.547,12.106,-0.561,-0.26,-0.0898,0.0076,0.568,-0.365
Algiers,Kampala,2901,3846,Africa,Africa,5.621,5.271,0.1194,0.259,10.502,5.23,-0.672,-0.413,0.0141,-0.1053,0.464,-1.46
Algiers,Kano,2901,4348,Africa,Africa,5.618,5.112,0.1597,0.316,10.502,5.39,-0.672,-0.356,0.0141,-0.1457,0.464,-1.805
Cape Town,Asuncion,4890,3510,Africa,Latin America,5.598,5.551,0.102,0.283,11.818,6.267,-0.511,-0.228,-0.0052,-0.1072,0.788,0.157
Guayaquil,La Paz,3142,1935,Latin America,Latin America,5.588,5.543,0.0051,0.698,7.469,13.012,0.329,-0.369,-0.0873,-0.0823,-0.906,-0.925
Cape Town,Antananarivo,4890,3872,Africa,Africa,5.586,5.396,0.1564,0.091,11.818,6.422,-0.511,-0.602,-0.0052,-0.1616,0.788,-0.602
Medellin,Ibadan,4102,3874,Latin America,Africa,5.571,5.25,0.0292,0.24,9.674,4.424,0.014,-0.226,-0.1069,-0.1361,-0.249,-2.093
Brasilia,Dar es Salaam,4873,7775,Latin America,Africa,5.566,5.499,0.1749,0.296,11.316,5.817,-0.504,-0.208,-0.0074,-0.1823,0.97,0.182
Nairobi,Ibadan,5325,3874,Africa,Africa,5.547,5.132,0.0336,0.06,9.556,4.424,-0.287,-0.226,-0.1025,-0.1361,-0.007,-2.093
Salvador,Port-au-Prince,3958,2987,Latin America,Latin America,5.536,5.405,0.0742,0.638,10.951,5.546,0.201,-0.437,-0.0761,-0.1503,0.384,-0.621
Brasilia,Santo Domingo,4873,3523,Latin America,Latin America,5.53,5.237,0.0965,0.35,11.316,6.079,-0.504,-0.155,-0.0074,-0.1039,0.97,-0.751
La Paz,Kathmandu,1935,1571,Latin America,Asia,5.508,5.454,0.0466,0.079,13.012,7.558,-0.369,-0.29,-0.0823,-0.1289,-0.925,-1.678
Salvador,Abidjan,3958,5686,Latin America,Africa,5.46,5.319,0.0376,0.074,10.951,5.632,0.201,0.127,-0.0761,-0.1137,0.384,-0.838
Oran,Managua,935,1094,Africa,Latin America,5.444,5.429,0.0143,0.195,9.747,4.318,-0.271,-0.466,-0.0169,-0.0312,-0.089,-0.449
Rio de Janeiro,Lima,13727,11204,Latin America,Latin America,5.444,4.98,0.045,0.073,14.638,9.659,-0.056,0.017,-0.0434,-0.0883,0.855,-1.28
Algiers,Accra,2901,2660,Africa,Africa,5.437,5.395,0.083,0.573,10.502,5.107,-0.672,-0.1,0.0141,-0.0689,0.464,0.121
Algiers,Leon,2901,1898,Africa,Latin America,5.415,5.179,0.0649,0.496,10.502,5.322,-0.672,-0.177,0.0141,-0.0508,0.464,-1.025
Brasilia,Monterrey,4873,5116,Latin America,Latin America,5.365,4.915,0.024,0.429,11.316,6.4,-0.504,-0.076,-0.0074,-0.0314,0.97,-1.122
Cape Town,Guatemala City,4890,3095,Africa,Latin America,5.331,5.131,0.065,0.445,11.818,6.687,-0.511,-0.067,-0.0052,-0.0702,0.788,-0.571
Algiers,Yaounde,2901,4509,Africa,Africa,5.325,4.767,0.2089,0.425,10.502,5.735,-0.672,-0.247,0.0141,-0.1948,0.464,-1.821
Cape Town,Jaipur,4890,4207,Africa,Asia,5.311,5.008,0.1459,0.632,11.818,6.81,-0.511,0.12,-0.0052,-0.1511,0.788,-0.831
Brasilia,Surabaya,4873,3044,Latin America,Asia,5.269,4.917,0.0746,1.139,11.316,6.398,-0.504,0.635,-0.0074,-0.0819,0.97,-0.527
Belo Horizonte,Kampala,6247,3846,Latin America,Africa,5.267,5.243,0.0174,0.459,10.473,5.23,0.046,-0.413,-0.0879,-0.1053,-1.284,-1.46
Algiers,San Jose,2901,1820,Africa,Latin America,5.206,4.968,0.0624,0.607,10.502,5.533,-0.672,-0.066,0.0141,-0.0483,0.464,-0.965
Mumbai,Kolkata,21296,15332,Asia,Asia,5.182,4.508,0.2249,0.617,13.773,9.266,-0.505,0.112,-0.0352,-0.26,1.271,-1.196
Rio de Janeiro,Manila,13727,14667,Latin America,Asia,5.182,4.894,0.0743,0.356,14.638,9.745,-0.056,0.3,-0.0434,-0.1176,0.855,-0.779
Oran,Lilongwe,935,1276,Africa,Africa,5.17,5.101,0.0583,0.642,9.747,4.646,-0.271,-0.913,-0.0169,-0.0753,-0.089,-0.631
Brasilia,Antananarivo,4873,3872,Latin America,Africa,5.154,4.894,0.1542,0.098,11.316,6.422,-0.504,-0.602,-0.0074,-0.1616,0.97,-0.602
Salvador,Addis Ababa,3958,5460,Latin America,Africa,5.153,4.876,0.031,0.416,10.951,6.075,0.201,-0.215,-0.0761,-0.1071,0.384,-1.217
Salvador,Puebla,3958,3344,Latin America,Latin America,5.15,4.688,0.0498,0.354,10.951,6.263,0.201,-0.153,-0.0761,-0.1259,0.384,-1.712
Salvador,Medan,3958,2439,Latin America,Asia,5.135,4.588,0.0234,0.256,10.951,6.363,0.201,0.457,-0.0761,-0.0995,0.384,-1.906
Belo Horizonte,Kano,6247,4348,Latin America,Africa,5.129,5.083,0.0578,0.402,10.473,5.39,0.046,-0.356,-0.0879,-0.1457,-1.284,-1.805
Brasilia,Asuncion,4873,3510,Latin America,Latin America,5.124,5.049,0.0999,0.276,11.316,6.267,-0.504,-0.228,-0.0074,-0.1072,0.97,0.157
Algiers,Port-au-Prince,2901,2987,Africa,Latin America,5.084,4.956,0.1644,0.235,10.502,5.546,-0.672,-0.437,0.0141,-0.1503,0.464,-0.621
Surat,Guadalajara,8064,5419,Asia,Latin America,5.039,4.789,0.0136,0.102,10.308,5.52,0.046,0.147,-0.1023,-0.1159,-0.497,-2.06
Oran,Cancun,935,1022,Africa,Latin America,5.033,4.98,0.0184,0.189,9.747,4.767,-0.271,-0.46,-0.0169,-0.0353,-0.089,-0.788
Salvador,Santo Domingo,3958,3523,Latin America,Latin America,5.016,4.872,0.0277,0.356,10.951,6.079,0.201,-0.155,-0.0761,-0.1039,0.384,-0.751
Belo Horizonte,Guadalajara,6247,5419,Latin America,Latin America,5.016,4.953,0.028,0.102,10.473,5.52,0.046,0.147,-0.0879,-0.1159,-1.284,-2.06
Medellin,Lusaka,4102,3181,Latin America,Africa,5.0,4.786,0.0067,0.503,9.674,4.888,0.014,-0.489,-0.1069,-0.1002,-0.249,-1.602
Medellin,Kumasi,4102,3768,Latin America,Africa,4.952,4.74,0.0097,0.435,9.674,4.933,0.014,-0.422,-0.1069,-0.0972,-0.249,-1.612
La Paz,Bandung,1935,2674,Latin America,Asia,4.945,4.835,0.0025,0.828,13.012,8.177,-0.369,0.458,-0.0823,-0.0797,-0.925,-1.543
Kuala Lumpur,Bangalore,8621,13607,Asia,Asia,4.915,4.679,0.191,0.307,12.106,7.427,-0.26,0.047,0.0076,-0.1835,-0.365,-1.762
Algiers,Medan,2901,2439,Africa,Asia,4.906,4.139,0.1136,1.13,10.502,6.363,-0.672,0.457,0.0141,-0.0995,0.464,-1.906
Brasilia,Guatemala City,4873,3095,Latin America,Latin America,4.902,4.629,0.0629,0.438,11.316,6.687,-0.504,-0.067,-0.0074,-0.0702,0.97,-0.571
Brasilia,Jaipur,4873,4207,Latin America,Asia,4.901,4.506,0.1437,0.625,11.316,6.81,-0.504,0.12,-0.0074,-0.1511,0.97,-0.831
Nairobi,Kumasi,5325,3768,Africa,Africa,4.9,4.622,0.0053,0.135,9.556,4.933,-0.287,-0.422,-0.1025,-0.0972,-0.007,-1.612
Conakry,Nouakchott,2110,1491,Africa,Africa,4.899,0.529,0.0963,0.136,6.275,5.746,-0.046,-0.182,-0.0423,-0.1386,2.281,-2.547
Dar es Salaam,Belo Horizonte,7775,6247,Africa,Latin America,4.896,4.656,0.0944,0.254,5.817,10.473,-0.208,0.046,-0.1823,-0.0879,0.182,-1.284
Abidjan,Belo Horizonte,5686,6247,Africa,Latin America,4.863,4.84,0.0258,0.081,5.632,10.473,0.127,0.046,-0.1137,-0.0879,-0.838,-1.284
Ho Chi Minh City,Abidjan,9320,5686,Asia,Africa,4.857,4.851,0.0215,0.142,10.483,5.632,0.269,0.127,-0.0922,-0.1137,-0.757,-0.838
Alexandria,Nairobi,5588,5325,Africa,Africa,4.844,4.687,0.0364,0.362,14.242,9.556,0.075,-0.287,-0.0661,-0.1025,1.155,-0.007
Quito,La Paz,1956,1935,Latin America,Latin America,4.84,4.792,0.0285,0.078,8.22,13.012,-0.291,-0.369,-0.0537,-0.0823,-0.273,-0.925
Oran,Queretaro,935,1413,Africa,Latin America,4.816,4.779,0.0312,0.055,9.747,4.968,-0.271,-0.216,-0.0169,-0.0481,-0.089,-0.685
Salvador,Monterrey,3958,5116,Latin America,Latin America,4.802,4.551,0.0447,0.277,10.951,6.4,0.201,-0.076,-0.0761,-0.0314,0.384,-1.122
Algiers,Puebla,2901,3344,Africa,Latin America,4.802,4.238,0.14,0.52,10.502,6.263,-0.672,-0.153,0.0141,-0.1259,0.464,-1.712
Dar es Salaam,Ho Chi Minh City,7775,9320,Africa,Asia,4.786,4.666,0.0901,0.477,5.817,10.483,-0.208,0.269,-0.1823,-0.0922,0.182,-0.757
Alexandria,Medellin,5588,4102,Africa,Latin America,4.782,4.568,0.0408,0.061,14.242,9.674,0.075,0.014,-0.0661,-0.1069,1.155,-0.249
Belo Horizonte,Yaounde,6247,4509,Latin America,Africa,4.782,4.738,0.1069,0.293,10.473,5.735,0.046,-0.247,-0.0879,-0.1948,-1.284,-1.821
Medellin,Ouagadougou,4102,3203,Latin America,Africa,4.78,4.612,0.0544,0.472,9.674,5.062,0.014,-0.458,-0.1069,-0.1613,-0.249,-1.409
Cape Town,Guayaquil,4890,3142,Africa,Latin America,4.752,4.349,0.0821,0.84,11.818,7.469,-0.511,0.329,-0.0052,-0.0873,0.788,-0.906
Chennai,Kuala Lumpur,11776,8621,Asia,Asia,4.752,4.737,0.1306,0.255,7.369,12.106,-0.005,-0.26,-0.1231,0.0076,-0.129,-0.365
Oran,Niamey,935,1437,Africa,Africa,4.732,4.545,0.0708,0.406,9.747,5.201,-0.271,-0.677,-0.0169,-0.0877,-0.089,-1.325
Oran,Nouakchott,935,1491,Africa,Africa,4.717,4.001,0.1217,0.089,9.747,5.746,-0.271,-0.182,-0.0169,-0.1386,-0.089,-2.547
Oran,Bobo-Dioulasso,935,1128,Africa,Africa,4.712,4.55,0.0684,0.457,9.747,5.196,-0.271,-0.728,-0.0169,-0.0853,-0.089,-1.205
Salvador,Asuncion,3958,3510,Latin America,Latin America,4.71,4.684,0.0311,0.429,10.951,6.267,0.201,-0.228,-0.0761,-0.1072,0.384,0.157
Salvador,Antananarivo,3958,3872,Latin America,Africa,4.709,4.529,0.0855,0.803,10.951,6.422,0.201,-0.602,-0.0761,-0.1616,0.384,-0.602
Phnom Penh,La Paz,2281,1935,Asia,Latin America,4.691,4.61,0.0043,0.687,8.402,13.012,0.318,-0.369,-0.0779,-0.0823,-0.417,-0.925
Surat,Abidjan,8064,5686,Asia,Africa,4.691,4.676,0.0114,0.082,10.308,5.632,0.046,0.127,-0.1023,-0.1137,-0.497,-0.838
Oran,Libreville,935,869,Africa,Africa,4.686,4.643,0.0207,0.312,9.747,5.104,-0.271,-0.583,-0.0169,-0.0376,-0.089,-0.641
Salvador,Surabaya,3958,3044,Latin America,Asia,4.665,4.553,0.0058,0.434,10.951,6.398,0.201,0.635,-0.0761,-0.0819,0.384,-0.527
Oran,Denpasar,935,1053,Africa,Asia,4.658,4.631,0.0237,0.421,9.747,5.116,-0.271,0.15,-0.0169,-0.0407,-0.089,-0.327
Conakry,Algiers,2110,2901,Africa,Africa,4.645,4.226,0.0564,0.626,6.275,10.502,-0.046,-0.672,-0.0423,0.0141,2.281,0.464
Salvador,Brazzaville,3958,2637,Latin America,Africa,4.639,4.589,0.0282,0.416,10.951,6.362,0.201,-0.215,-0.0761,-0.1043,0.384,-0.135
Dakar,Ibadan,3429,3874,Africa,Africa,4.638,3.096,0.0726,0.269,7.52,4.424,0.043,-0.226,-0.0635,-0.1361,1.335,-2.093
Oran,Aba,935,1188,Africa,Africa,4.634,4.599,0.0456,0.548,9.747,5.148,-0.271,-0.82,-0.0169,-0.0625,-0.089,-0.227
Kolkata,Sao Paulo,15332,22619,Asia,Latin America,4.631,4.541,0.2909,0.117,9.266,13.807,0.112,-0.006,-0.26,0.0309,-1.196,-2.03
Medellin,Kampala,4102,3846,Latin America,Africa,4.625,4.444,0.0017,0.427,9.674,5.23,0.014,-0.413,-0.1069,-0.1053,-0.249,-1.46
Algiers,Santo Domingo,2901,3523,Africa,Latin America,4.621,4.422,0.1179,0.518,10.502,6.079,-0.672,-0.155,0.0141,-0.1039,0.464,-0.751
Nairobi,Hanoi,5325,5253,Africa,Asia,4.6,4.591,0.058,0.278,9.556,14.146,-0.287,-0.009,-0.1025,-0.0445,-0.007,-0.022
Mumbai,Manila,21296,14667,Asia,Asia,4.592,4.029,0.0825,0.805,13.773,9.745,-0.505,0.3,-0.0352,-0.1176,1.271,-0.779
Accra,Medellin,2660,4102,Africa,Latin America,4.59,4.567,0.038,0.113,5.107,9.674,-0.1,0.014,-0.0689,-0.1069,0.121,-0.249
Medellin,Kano,4102,4348,Latin America,Africa,4.58,4.284,0.0387,0.37,9.674,5.39,0.014,-0.356,-0.1069,-0.1457,-0.249,-1.805
Nairobi,Kampala,5325,3846,Africa,Africa,4.568,4.325,0.0027,0.127,9.556,5.23,-0.287,-0.413,-0.1025,-0.1053,-0.007,-1.46
Dar es Salaam,Surat,7775,8064,Africa,Asia,4.566,4.491,0.08,0.254,5.817,10.308,-0.208,0.046,-0.1823,-0.1023,0.182,-0.497
Nairobi,Guadalajara,5325,5419,Africa,Latin America,4.561,4.036,0.0134,0.434,9.556,5.52,-0.287,0.147,-0.1025,-0.1159,-0.007,-2.06
Kuala Lumpur,Pune,8621,7166,Asia,Asia,4.556,4.544,0.0546,0.186,12.106,7.563,-0.26,-0.446,0.0076,-0.0471,-0.365,-0.48
Nairobi,Kano,5325,4348,Africa,Africa,4.555,4.166,0.0431,0.07,9.556,5.39,-0.287,-0.356,-0.1025,-0.1457,-0.007,-1.805
Delhi,Sao Paulo,32941,22619,Asia,Latin America,4.551,4.137,0.0789,0.043,9.67,13.807,-0.049,-0.006,-0.048,0.0309,-0.18,-2.03
Medellin,Guadalajara,4102,5419,Latin America,Latin America,4.538,4.154,0.0089,0.134,9.674,5.52,0.014,0.147,-0.1069,-0.1159,-0.249,-2.06
Algiers,Semarang,2901,1975,Africa,Asia,4.528,4.291,0.0727,0.888,10.502,6.21,-0.672,0.215,0.0141,-0.0586,0.464,-0.67
Kigali,Oran,1247,935,Africa,Africa,4.504,4.487,0.0624,0.349,5.26,9.747,-0.62,-0.271,-0.0793,-0.0169,0.052,-0.089
Kuala Lumpur,Jakarta,8621,11248,Asia,Asia,4.503,4.314,0.1008,0.866,12.106,7.792,-0.26,0.606,0.0076,-0.0932,-0.365,-1.311
Alexandria,Belo Horizonte,5588,6247,Africa,Latin America,4.497,3.77,0.0218,0.029,14.242,10.473,0.075,0.046,-0.0661,-0.0879,1.155,-1.284
Hanoi,Medellin,5253,4102,Asia,Latin America,4.484,4.472,0.0624,0.022,14.146,9.674,-0.009,0.014,-0.0445,-0.1069,-0.022,-0.249
Rio de Janeiro,Ho Chi Minh City,13727,9320,Latin America,Asia,4.473,4.155,0.0488,0.325,14.638,10.483,-0.056,0.269,-0.0434,-0.0922,0.855,-0.757
Cape Town,Pune,4890,7166,Africa,Asia,4.456,4.255,0.0419,0.066,11.818,7.563,-0.511,-0.446,-0.0052,-0.0471,0.788,-0.48
Freetown,Oran,1309,935,Africa,Africa,4.442,4.343,0.0277,0.338,5.404,9.747,-0.609,-0.271,-0.0446,-0.0169,0.777,-0.089
Kinshasa,Cairo,16315,22183,Africa,Africa,4.44,4.298,0.2917,0.041,7.511,11.809,0.138,0.178,-0.4049,-0.1131,-0.115,-1.157
Lagos,Dhaka,15945,23209,Africa,Asia,4.435,4.353,0.0656,0.314,5.836,10.189,0.126,-0.188,-0.1059,-0.1714,0.182,-0.427
Constantine,Merida,417,355,Africa,Latin America,4.428,3.32,0.0179,0.166,7.286,3.965,-0.605,-0.439,-0.0078,-0.0257,0.921,-2.001
Cairo,Bangalore,22183,13607,Africa,Asia,4.425,4.381,0.0704,0.131,11.809,7.427,0.178,0.047,-0.1131,-0.1835,-1.157,-1.762
Algiers,Surabaya,2901,3044,Africa,Asia,4.42,4.103,0.096,1.307,10.502,6.398,-0.672,0.635,0.0141,-0.0819,0.464,-0.527
Addis Ababa,Belo Horizonte,5460,6247,Africa,Latin America,4.408,4.398,0.0192,0.261,6.075,10.473,-0.215,0.046,-0.1071,-0.0879,-1.217,-1.284
Luanda,Belo Horizonte,9292,6247,Africa,Latin America,4.387,3.925,0.0019,0.607,6.547,10.473,-0.561,0.046,-0.0898,-0.0879,0.568,-1.284
Mumbai,Delhi,21296,32941,Asia,Asia,4.379,4.104,0.0129,0.456,13.773,9.67,-0.505,-0.049,-0.0352,-0.048,1.271,-0.18
Salvador,Guatemala City,3958,3095,Latin America,Latin America,4.378,4.264,0.0059,0.268,10.951,6.687,0.201,-0.067,-0.0761,-0.0702,0.384,-0.571
Cairo,Mexico City,22183,22281,Africa,Latin America,4.375,4.318,0.0417,0.001,11.809,7.49,0.178,0.178,-0.1131,-0.1548,-1.157,-1.839
Dakar,Cape Town,3429,4890,Africa,Africa,4.374,4.298,0.0583,0.554,7.52,11.818,0.043,-0.511,-0.0635,-0.0052,1.335,0.788
Brasilia,Guayaquil,4873,3142,Latin America,Latin America,4.369,3.847,0.0799,0.833,11.316,7.469,-0.504,0.329,-0.0074,-0.0873,0.97,-0.906
Ho Chi Minh City,Ahmedabad,9320,8650,Asia,Asia,4.358,4.269,0.0136,0.384,10.483,6.214,0.269,-0.115,-0.0922,-0.1058,-0.757,-1.401
Salvador,Jaipur,3958,4207,Latin America,Asia,4.319,4.141,0.0749,0.081,10.951,6.81,0.201,0.12,-0.0761,-0.1511,0.384,-0.831
Conakry,Bandung,2110,2674,Africa,Asia,4.308,1.902,0.0374,0.505,6.275,8.177,-0.046,0.458,-0.0423,-0.0797,2.281,-1.543
Surat,Addis Ababa,8064,5460,Asia,Africa,4.303,4.233,0.0048,0.261,10.308,6.075,0.046,-0.215,-0.1023,-0.1071,-0.497,-1.217
Alexandria,Surat,5588,8064,Africa,Asia,4.282,3.934,0.0361,0.029,14.242,10.308,0.075,0.046,-0.0661,-0.1023,1.155,-0.497
Belo Horizonte,Ahmedabad,6247,8650,Latin America,Asia,4.274,4.258,0.0179,0.161,10.473,6.214,0.046,-0.115,-0.0879,-0.1058,-1.284,-1.401
Manila,Sao Paulo,14667,22619,Asia,Latin America,4.273,4.062,0.1485,0.305,9.745,13.807,0.3,-0.006,-0.1176,0.0309,-0.779,-2.03
Algiers,Asuncion,2901,3510,Africa,Latin America,4.27,4.234,0.1213,0.444,10.502,6.267,-0.672,-0.228,0.0141,-0.1072,0.464,0.157
Medellin,Yaounde,4102,4509,Latin America,Africa,4.26,3.939,0.0879,0.261,9.674,5.735,0.014,-0.247,-0.1069,-0.1948,-0.249,-1.821
Nairobi,Yaounde,5325,4509,Africa,Africa,4.251,3.821,0.0923,0.039,9.556,5.735,-0.287,-0.247,-0.1025,-0.1948,-0.007,-1.821
Buenos Aires,Sao Paulo,15490,22619,Latin America,Latin America,4.237,3.711,0.2013,0.243,17.518,13.807,0.237,-0.006,-0.1704,0.0309,-0.062,-2.03
Algiers,Davao,2901,1949,Africa,Asia,4.236,4.191,0.0982,0.596,10.502,6.311,-0.672,-0.076,0.0141,-0.0842,0.464,0.331
Luanda,Ho Chi Minh City,9292,9320,Africa,Asia,4.235,3.936,0.0024,0.83,6.547,10.483,-0.561,0.269,-0.0898,-0.0922,0.568,-0.757
Algiers,Antananarivo,2901,3872,Africa,Africa,4.23,4.08,0.1757,0.07,10.502,6.422,-0.672,-0.602,0.0141,-0.1616,0.464,-0.602
Conakry,Medan,2110,2439,Africa,Asia,4.23,0.087,0.0572,0.504,6.275,6.363,-0.046,0.457,-0.0423,-0.0995,2.281,-1.906
Abuja,Ibadan,3839,3874,Africa,Africa,4.217,3.363,0.114,0.429,7.787,4.424,-0.655,-0.226,-0.0221,-0.1361,0.395,-2.093
Algiers,Brazzaville,2901,2637,Africa,Africa,4.209,4.14,0.1184,0.457,10.502,6.362,-0.672,-0.215,0.0141,-0.1043,0.464,-0.135
Surat,Ahmedabad,8064,8650,Asia,Asia,4.2,4.094,0.0035,0.161,10.308,6.214,0.046,-0.115,-0.1023,-0.1058,-0.497,-1.401
Conakry,Kathmandu,2110,1571,Africa,Asia,4.182,1.282,0.0866,0.244,6.275,7.558,-0.046,-0.29,-0.0423,-0.1289,2.281,-1.678
Medellin,Port-au-Prince,4102,2987,Latin America,Latin America,4.169,4.128,0.0434,0.451,9.674,5.546,0.014,-0.437,-0.1069,-0.1503,-0.249,-0.621
Conakry,Lusaka,2110,3181,Africa,Africa,4.166,1.387,0.0579,0.443,6.275,4.888,-0.046,-0.489,-0.0423,-0.1002,2.281,-1.602
Johannesburg,Ibadan,6198,3874,Africa,Africa,4.161,3.712,0.0982,0.215,8.136,4.424,-0.441,-0.226,-0.0379,-0.1361,-0.256,-2.093
Antananarivo,Belo Horizonte,3872,6247,Africa,Latin America,4.16,4.051,0.0737,0.648,6.422,10.473,-0.602,0.046,-0.1616,-0.0879,-0.602,-1.284
Dar es Salaam,Lima,7775,11204,Africa,Latin America,4.141,3.842,0.094,0.226,5.817,9.659,-0.208,0.017,-0.1823,-0.0883,0.182,-1.28
Oran,Bujumbura,935,1206,Africa,Africa,4.134,4.132,0.0974,0.004,9.747,5.615,-0.271,-0.268,-0.0169,-0.1143,-0.089,-0.167
Lagos,Lima,15945,11204,Africa,Latin America,4.117,3.823,0.0176,0.109,5.836,9.659,0.126,0.017,-0.1059,-0.0883,0.182,-1.28
Medellin,Abidjan,4102,5686,Latin America,Africa,4.087,4.042,0.0068,0.114,9.674,5.632,0.014,0.127,-0.1069,-0.1137,-0.249,-0.838
Monterrey,Belo Horizonte,5116,6247,Latin America,Latin America,4.079,4.072,0.0565,0.121,6.4,10.473,-0.076,0.046,-0.0314,-0.0879,-1.122,-1.284
Mumbai,Buenos Aires,21296,15490,Asia,Latin America,4.067,3.744,0.1352,0.743,13.773,17.518,-0.505,0.237,-0.0352,-0.1704,1.271,-0.062
Cape Town,Abuja,4890,3839,Africa,Africa,4.054,4.031,0.0169,0.144,11.818,7.787,-0.511,-0.655,-0.0052,-0.0221,0.788,0.395
Nairobi,Abidjan,5325,5686,Africa,Africa,4.039,3.923,0.0112,0.414,9.556,5.632,-0.287,0.127,-0.1025,-0.1137,-0.007,-0.838
Brasilia,Pune,4873,7166,Latin America,Asia,4.038,3.753,0.0397,0.059,11.316,7.563,-0.504,-0.446,-0.0074,-0.0471,0.97,-0.48
Lagos,Manila,15945,14667,Africa,Asia,4.038,3.909,0.0118,0.173,5.836,9.745,0.126,0.3,-0.1059,-0.1176,0.182,-0.779
Conakry,Puebla,2110,3344,Africa,Latin America,4.014,0.012,0.0836,0.106,6.275,6.263,-0.046,-0.153,-0.0423,-0.1259,2.281,-1.712
Algiers,Guatemala City,2901,3095,Africa,Latin America,4.0,3.814,0.0843,0.606,10.502,6.687,-0.672,-0.067,0.0141,-0.0702,0.464,-0.571
Algiers,Jaipur,2901,4207,Africa,Asia,3.998,3.692,0.1651,0.793,10.502,6.81,-0.672,0.12,0.0141,-0.1511,0.464,-0.831
Karachi,Cairo,17236,22183,Asia,Africa,3.996,3.896,0.0332,0.159,7.912,11.809,0.019,0.178,-0.0799,-0.1131,-0.316,-1.157
Dakar,Lusaka,3429,3181,Africa,Africa,3.991,2.632,0.0367,0.532,7.52,4.888,0.043,-0.489,-0.0635,-0.1002,1.335,-1.602
Mumbai,Dhaka,21296,23209,Asia,Asia,3.988,3.585,0.1363,0.317,13.773,10.189,-0.505,-0.188,-0.0352,-0.1714,1.271,-0.427
Johannesburg,Kuala Lumpur,6198,8621,Africa,Asia,3.979,3.97,0.0454,0.181,8.136,12.106,-0.441,-0.26,-0.0379,0.0076,-0.256,-0.365
Luanda,Surat,9292,8064,Africa,Asia,3.969,3.761,0.0125,0.607,6.547,10.308,-0.561,0.046,-0.0898,-0.1023,0.568,-0.497
Dhaka,Sao Paulo,23209,22619,Asia,Latin America,3.968,3.618,0.2023,0.182,10.189,13.807,-0.188,-0.006,-0.1714,0.0309,-0.427,-2.03
Surat,Monterrey,8064,5116,Asia,Latin America,3.965,3.908,0.0709,0.121,10.308,6.4,0.046,-0.076,-0.1023,-0.0314,-0.497,-1.122
Batam,Nouakchott,1748,1491,Asia,Africa,3.963,1.538,0.1163,0.108,7.284,5.746,-0.074,-0.182,-0.0223,-0.1386,1.063,-2.547
Dakar,Guadalajara,3429,5419,Africa,Latin America,3.961,2.0,0.0524,0.105,7.52,5.52,0.043,0.147,-0.0635,-0.1159,1.335,-2.06
Salvador,Cali,3958,2863,Latin America,Latin America,3.958,3.847,0.0486,0.118,10.951,7.104,0.201,0.319,-0.0761,-0.1247,0.384,-0.529
Dakar,Kumasi,3429,3768,Africa,Africa,3.957,2.587,0.0337,0.464,7.52,4.933,0.043,-0.422,-0.0635,-0.0972,1.335,-1.612
Conakry,Palembang,2110,1818,Africa,Asia,3.951,1.117,0.0345,0.048,6.275,5.158,-0.046,0.002,-0.0423,-0.0768,2.281,-1.493
Conakry,Ouagadougou,2110,3203,Africa,Africa,3.925,1.214,0.119,0.412,6.275,5.062,-0.046,-0.458,-0.0423,-0.1613,2.281,-1.409
Hanoi,Belo Horizonte,5253,6247,Asia,Latin America,3.894,3.674,0.0434,0.055,14.146,10.473,-0.009,0.046,-0.0445,-0.0879,-0.022,-1.284
Hanoi,Surat,5253,8064,Asia,Asia,3.889,3.838,0.0578,0.054,14.146,10.308,-0.009,0.046,-0.0445,-0.1023,-0.022,-0.497
Kisumu,Merida,392,355,Africa,Latin America,3.868,1.156,0.0139,0.696,5.121,3.965,-1.135,-0.439,-0.0396,-0.0257,1.619,-2.001
Bandung,Ibadan,2674,3874,Asia,Africa,3.858,3.754,0.0564,0.685,8.177,4.424,0.458,-0.226,-0.0797,-0.1361,-1.543,-2.093
Dakar,Brasilia,3429,4873,Africa,Latin America,3.857,3.796,0.0561,0.547,7.52,11.316,0.043,-0.504,-0.0635,-0.0074,1.335,0.97
Dakar,Kano,3429,4348,Africa,Africa,3.841,2.13,0.0822,0.399,7.52,5.39,0.043,-0.356,-0.0635,-0.1457,1.335,-1.805
Conakry,Niamey,2110,1437,Africa,Africa,3.835,1.074,0.0454,0.63,6.275,5.201,-0.046,-0.677,-0.0423,-0.0877,2.281,-1.325
Cape Town,Johannesburg,4890,6198,Africa,Africa,3.83,3.682,0.0327,0.07,11.818,8.136,-0.511,-0.441,-0.0052,-0.0379,0.788,-0.256
Phnom Penh,Lusaka,2281,3181,Asia,Africa,3.801,3.514,0.0223,0.807,8.402,4.888,0.318,-0.489,-0.0779,-0.1002,-0.417,-1.602
Dar es Salaam,Nairobi,7775,5325,Africa,Africa,3.746,3.739,0.0798,0.078,5.817,9.556,-0.208,-0.287,-0.1823,-0.1025,0.182,-0.007
Oran,San Salvador,935,1116,Africa,Latin America,3.74,3.725,0.0429,0.2,9.747,6.022,-0.271,-0.071,-0.0169,-0.0599,-0.089,-0.342
Medellin,Addis Ababa,4102,5460,Latin America,Africa,3.736,3.599,0.0002,0.229,9.674,6.075,0.014,-0.215,-0.1069,-0.1071,-0.249,-1.217
Dakar,Ouagadougou,3429,3203,Africa,Africa,3.729,2.458,0.0978,0.501,7.52,5.062,0.043,-0.458,-0.0635,-0.1613,1.335,-1.409
Lagos,Kolkata,15945,15332,Africa,Asia,3.72,3.43,0.1542,0.015,5.836,9.266,0.126,0.112,-0.1059,-0.26,0.182,-1.196
Nairobi,Puebla,5325,3344,Africa,Latin America,3.719,3.293,0.0234,0.134,9.556,6.263,-0.287,-0.153,-0.1025,-0.1259,-0.007,-1.712
Salvador,Guayaquil,3958,3142,Latin America,Latin America,3.717,3.482,0.0112,0.128,10.951,7.469,0.201,0.329,-0.0761,-0.0873,0.384,-0.906
Medellin,Puebla,4102,3344,Latin America,Latin America,3.716,3.411,0.0189,0.166,9.674,6.263,0.014,-0.153,-0.1069,-0.1259,-0.249,-1.712
Onitsha,Nouakchott,1623,1491,Africa,Africa,3.705,1.686,0.0802,0.232,7.432,5.746,-0.414,-0.182,-0.0584,-0.1386,0.692,-2.547
Nairobi,Addis Ababa,5325,5460,Africa,Africa,3.697,3.481,0.0046,0.072,9.556,6.075,-0.287,-0.215,-0.1025,-0.1071,-0.007,-1.217
Jaipur,Belo Horizonte,4207,6247,Asia,Latin America,3.695,3.663,0.0632,0.075,6.81,10.473,0.12,0.046,-0.1511,-0.0879,-0.831,-1.284
Algiers,Cali,2901,2863,Africa,Latin America,3.684,3.397,0.1388,0.991,10.502,7.104,-0.672,0.319,0.0141,-0.1247,0.464,-0.529
Luanda,Lima,9292,11204,Africa,Latin America,3.684,3.111,0.0015,0.579,6.547,9.659,-0.561,0.017,-0.0898,-0.0883,0.568,-1.28
Bangui,Kathmandu,958,1571,Africa,Asia,3.676,3.557,0.0016,0.641,4.0,7.558,-0.931,-0.29,-0.1304,-0.1289,-1.011,-1.678
Dakar,Yaounde,3429,4509,Africa,Africa,3.672,1.785,0.1313,0.29,7.52,5.735,0.043,-0.247,-0.0635,-0.1948,1.335,-1.821
Nairobi,Ahmedabad,5325,8650,Africa,Asia,3.66,3.341,0.0033,0.172,9.556,6.214,-0.287,-0.115,-0.1025,-0.1058,-0.007,-1.401
Dakar,Kampala,3429,3846,Africa,Africa,3.648,2.29,0.0418,0.456,7.52,5.23,0.043,-0.413,-0.0635,-0.1053,1.335,-1.46
Quito,Lilongwe,1956,1276,Latin America,Africa,3.648,3.575,0.0216,0.622,8.22,4.646,-0.291,-0.913,-0.0537,-0.0753,-0.273,-0.631
Medellin,Santo Domingo,4102,3523,Latin America,Latin America,3.634,3.595,0.0031,0.168,9.674,6.079,0.014,-0.155,-0.1069,-0.1039,-0.249,-0.751
Quito,Lusaka,1956,3181,Latin America,Africa,3.601,3.332,0.0465,0.198,8.22,4.888,-0.291,-0.489,-0.0537,-0.1002,-0.273,-1.602
Brasilia,Abuja,4873,3839,Latin America,Africa,3.579,3.529,0.0147,0.151,11.316,7.787,-0.504,-0.655,-0.0074,-0.0221,0.97,0.395
Luanda,Manila,9292,14667,Africa,Asia,3.579,3.197,0.0278,0.861,6.547,9.745,-0.561,0.3,-0.0898,-0.1176,0.568,-0.779
Phnom Penh,Ouagadougou,2281,3203,Asia,Africa,3.576,3.34,0.0834,0.776,8.402,5.062,0.318,-0.458,-0.0779,-0.1613,-0.417,-1.409
Kuala Lumpur,Hyderabad,8621,10801,Asia,Asia,3.57,3.363,0.117,0.18,12.106,8.743,-0.26,-0.08,0.0076,-0.1094,-0.365,-1.507
Dakar,Salvador,3429,3958,Africa,Latin America,3.568,3.431,0.0126,0.159,7.52,10.951,0.043,0.201,-0.0635,-0.0761,1.335,0.384
Nairobi,Santo Domingo,5325,3523,Africa,Latin America,3.563,3.476,0.0013,0.132,9.556,6.079,-0.287,-0.155,-0.1025,-0.1039,-0.007,-0.751
Monrovia,Nouakchott,1678,1491,Africa,Africa,3.559,0.087,0.0243,0.017,5.833,5.746,-0.199,-0.182,-0.1143,-0.1386,0.969,-2.547
Accra,Bandung,2660,2674,Africa,Asia,3.543,3.071,0.0108,0.558,5.107,8.177,-0.1,0.458,-0.0689,-0.0797,0.121,-1.543
Abuja,Lusaka,3839,3181,Africa,Africa,3.536,2.899,0.0781,0.166,7.787,4.888,-0.655,-0.489,-0.0221,-0.1002,0.395,-1.602
Rio de Janeiro,Cairo,13727,22183,Latin America,Africa,3.534,2.83,0.0698,0.234,14.638,11.809,-0.056,0.178,-0.0434,-0.1131,0.855,-1.157
Abuja,Kumasi,3839,3768,Africa,Africa,3.506,2.853,0.0751,0.234,7.787,4.933,-0.655,-0.422,-0.0221,-0.0972,0.395,-1.612
Monrovia,Bandung,1678,2674,Africa,Asia,3.503,2.344,0.0346,0.657,5.833,8.177,-0.199,0.458,-0.1143,-0.0797,0.969,-1.543
Johannesburg,Kumasi,6198,3768,Africa,Africa,3.489,3.203,0.0593,0.02,8.136,4.933,-0.441,-0.422,-0.0379,-0.0972,-0.256,-1.612
Phnom Penh,Queretaro,2281,1413,Asia,Latin America,3.487,3.434,0.0298,0.533,8.402,4.968,0.318,-0.216,-0.0779,-0.0481,-0.417,-0.685
Algiers,Guayaquil,2901,3142,Africa,Latin America,3.483,3.032,0.1014,1.001,10.502,7.469,-0.672,0.329,0.0141,-0.0873,0.464,-0.906
Phnom Penh,Niamey,2281,1437,Asia,Africa,3.479,3.201,0.0098,0.994,8.402,5.201,0.318,-0.677,-0.0779,-0.0877,-0.417,-1.325
Managua,Kathmandu,1094,1571,Latin America,Asia,3.474,3.24,0.0976,0.176,4.318,7.558,-0.466,-0.29,-0.0312,-0.1289,-0.449,-1.678
Dakar,Medan,3429,2439,Africa,Asia,3.473,1.157,0.036,0.415,7.52,6.363,0.043,0.457,-0.0635,-0.0995,1.335,-1.906
Phnom Penh,Nouakchott,2281,1491,Asia,Africa,3.469,2.656,0.0607,0.5,8.402,5.746,0.318,-0.182,-0.0779,-0.1386,-0.417,-2.547
Conakry,Phnom Penh,2110,2281,Africa,Asia,3.46,2.127,0.0356,0.364,6.275,8.402,-0.046,0.318,-0.0423,-0.0779,2.281,-0.417
Abuja,Guadalajara,3839,5419,Africa,Latin America,3.457,2.267,0.0938,0.803,7.787,5.52,-0.655,0.147,-0.0221,-0.1159,0.395,-2.06
Conakry,Leon,2110,1898,Africa,Latin America,3.456,0.953,0.0085,0.13,6.275,5.322,-0.046,-0.177,-0.0423,-0.0508,2.281,-1.025
Lima,Ahmedabad,11204,8650,Latin America,Asia,3.454,3.444,0.0175,0.132,9.659,6.214,0.017,-0.115,-0.0883,-0.1058,-1.28,-1.401
Asuncion,Medellin,3510,4102,Latin America,Latin America,3.443,3.407,0.0003,0.241,6.267,9.674,-0.228,0.014,-0.1072,-0.1069,0.157,-0.249
Conakry,Guayaquil,2110,3142,Africa,Latin America,3.443,1.194,0.045,0.375,6.275,7.469,-0.046,0.329,-0.0423,-0.0873,2.281,-0.906
Phnom Penh,Palembang,2281,1818,Asia,Asia,3.436,3.244,0.0011,0.316,8.402,5.158,0.318,0.002,-0.0779,-0.0768,-0.417,-1.493
Maputo,Nouakchott,1162,1491,Africa,Africa,3.43,0.919,0.0725,0.461,6.665,5.746,-0.643,-0.182,-0.0661,-0.1386,0.672,-2.547
Bandung,Lusaka,2674,3181,Asia,Africa,3.427,3.289,0.0205,0.948,8.177,4.888,0.458,-0.489,-0.0797,-0.1002,-1.543,-1.602
Dar es Salaam,Bangkok,7775,11069,Africa,Asia,3.415,3.089,0.1512,0.107,5.817,8.906,-0.208,-0.101,-0.1823,-0.0311,0.182,-1.263
Brasilia,Johannesburg,4873,6198,Latin America,Africa,3.41,3.18,0.0305,0.063,11.316,8.136,-0.504,-0.441,-0.0074,-0.0379,0.97,-0.256
Lagos,Bangkok,15945,11069,Africa,Asia,3.405,3.07,0.0748,0.228,5.836,8.906,0.126,-0.101,-0.1059,-0.0311,0.182,-1.263
Freetown,Nouakchott,1309,1491,Africa,Africa,3.405,0.342,0.094,0.427,5.404,5.746,-0.609,-0.182,-0.0446,-0.1386,0.777,-2.547
Dar es Salaam,Hyderabad,7775,10801,Africa,Asia,3.402,2.926,0.0728,0.129,5.817,8.743,-0.208,-0.08,-0.1823,-0.1094,0.182,-1.507
Quito,Nouakchott,1956,1491,Latin America,Africa,3.395,2.474,0.0849,0.109,8.22,5.746,-0.291,-0.182,-0.0537,-0.1386,-0.273,-2.547
Medellin,Monterrey,4102,5116,Latin America,Latin America,3.39,3.274,0.0755,0.089,9.674,6.4,0.014,-0.076,-0.1069,-0.0314,-0.249,-1.122
Lagos,Hyderabad,15945,10801,Africa,Asia,3.387,2.907,0.0036,0.206,5.836,8.743,0.126,-0.08,-0.1059,-0.1094,0.182,-1.507
Salvador,Bandung,3958,2674,Latin America,Asia,3.387,2.774,0.0036,0.257,10.951,8.177,0.201,0.458,-0.0761,-0.0797,0.384,-1.543
Alexandria,Salvador,5588,3958,Africa,Latin America,3.385,3.291,0.01,0.126,14.242,10.951,0.075,0.201,-0.0661,-0.0761,1.155,0.384
Quito,Ouagadougou,1956,3203,Latin America,Africa,3.369,3.158,0.1076,0.167,8.22,5.062,-0.291,-0.458,-0.0537,-0.1613,-0.273,-1.409
Accra,Phnom Penh,2660,2281,Africa,Asia,3.368,3.296,0.009,0.417,5.107,8.402,-0.1,0.318,-0.0689,-0.0779,0.121,-0.417
Bandung,Kumasi,2674,3768,Asia,Africa,3.364,3.244,0.0175,0.88,8.177,4.933,0.458,-0.422,-0.0797,-0.0972,-1.543,-1.612
Nairobi,Monterrey,5325,5116,Africa,Latin America,3.359,3.155,0.0711,0.211,9.556,6.4,-0.287,-0.076,-0.1025,-0.0314,-0.007,-1.122
Batam,Managua,1748,1094,Asia,Latin America,3.356,2.966,0.009,0.392,7.284,4.318,-0.074,-0.466,-0.0223,-0.0312,1.063,-0.449
Mumbai,Sao Paulo,21296,22619,Asia,Latin America,3.352,0.033,0.0661,0.499,13.773,13.807,-0.505,-0.006,-0.0352,0.0309,1.271,-2.03
Mombasa,Oran,1440,935,Africa,Africa,3.348,3.312,0.0809,0.274,6.435,9.747,0.003,-0.271,-0.0979,-0.0169,0.305,-0.089
Medellin,Surabaya,4102,3044,Latin America,Asia,3.348,3.276,0.025,0.622,9.674,6.398,0.014,0.635,-0.1069,-0.0819,-0.249,-0.527
Batam,Palembang,1748,1818,Asia,Asia,3.337,2.126,0.0545,0.076,7.284,5.158,-0.074,0.002,-0.0223,-0.0768,1.063,-1.493
Conakry,San Jose,2110,1820,Africa,Latin America,3.336,0.742,0.006,0.019,6.275,5.533,-0.046,-0.066,-0.0423,-0.0483,2.281,-0.965
Medellin,Antananarivo,4102,3872,Latin America,Africa,3.331,3.252,0.0547,0.616,9.674,6.422,0.014,-0.602,-0.1069,-0.1616,-0.249,-0.602
Kuala Lumpur,Bangkok,8621,11069,Asia,Asia,3.329,3.201,0.0386,0.158,12.106,8.906,-0.26,-0.101,0.0076,-0.0311,-0.365,-1.263
Brazzaville,Medellin,2637,4102,Africa,Latin America,3.324,3.312,0.0027,0.229,6.362,9.674,-0.215,0.014,-0.1043,-0.1069,-0.135,-0.249
Onitsha,Managua,1623,1094,Africa,Latin America,3.322,3.115,0.0271,0.052,7.432,4.318,-0.414,-0.466,-0.0584,-0.0312,0.692,-0.449
Guayaquil,Ibadan,3142,3874,Latin America,Africa,3.317,3.046,0.0488,0.555,7.469,4.424,0.329,-0.226,-0.0873,-0.1361,-0.906,-2.093
Dakar,Puebla,3429,3344,Africa,Latin America,3.316,1.257,0.0624,0.195,7.52,6.263,0.043,-0.153,-0.0635,-0.1259,1.335,-1.712
Quito,Palembang,1956,1818,Latin America,Asia,3.315,3.062,0.0231,0.293,8.22,5.158,-0.291,0.002,-0.0537,-0.0768,-0.273,-1.493
Abuja,Kano,3839,4348,Africa,Africa,3.296,2.397,0.1236,0.299,7.787,5.39,-0.655,-0.356,-0.0221,-0.1457,0.395,-1.805
Asuncion,Nairobi,3510,5325,Latin America,Africa,3.296,3.288,0.0047,0.059,6.267,9.556,-0.228,-0.287,-0.1072,-0.1025,0.157,-0.007
Freetown,Kathmandu,1309,1571,Africa,Asia,3.288,2.154,0.0842,0.319,5.404,7.558,-0.609,-0.29,-0.0446,-0.1289,0.777,-1.678
Abuja,Ouagadougou,3839,3203,Africa,Africa,3.287,2.725,0.1392,0.197,7.787,5.062,-0.655,-0.458,-0.0221,-0.1613,0.395,-1.409
Windhoek,Merida,477,355,Africa,Latin America,3.287,2.958,0.0109,0.079,6.924,3.965,-0.518,-0.439,-0.0366,-0.0257,-0.574,-2.001
Quito,Queretaro,1956,1413,Latin America,Latin America,3.28,3.252,0.0056,0.076,8.22,4.968,-0.291,-0.216,-0.0537,-0.0481,-0.273,-0.685
Abuja,Salvador,3839,3958,Africa,Latin America,3.28,3.164,0.054,0.856,7.787,10.951,-0.655,0.201,-0.0221,-0.0761,0.395,0.384
Algiers,Bandung,2901,2674,Africa,Asia,3.276,2.324,0.0938,1.131,10.502,8.177,-0.672,0.458,0.0141,-0.0797,0.464,-1.543
Dar es Salaam,Bogota,7775,11507,Africa,Latin America,3.262,3.173,0.1292,0.206,5.817,8.99,-0.208,-0.002,-0.1823,-0.0531,0.182,-0.463
Johannesburg,Guadalajara,6198,5419,Africa,Latin America,3.257,2.616,0.078,0.589,8.136,5.52,-0.441,0.147,-0.0379,-0.1159,-0.256,-2.06
Abuja,Belo Horizonte,3839,6247,Africa,Latin America,3.255,2.686,0.0658,0.701,7.787,10.473,-0.655,0.046,-0.0221,-0.0879,0.395,-1.284
Ho Chi Minh City,Bangalore,9320,13607,Asia,Asia,3.253,3.055,0.0913,0.222,10.483,7.427,0.269,0.047,-0.0922,-0.1835,-0.757,-1.762
Ouagadougou,Bandung,3203,2674,Africa,Asia,3.253,3.115,0.0816,0.917,5.062,8.177,-0.458,0.458,-0.1613,-0.0797,-1.409,-1.543
Conakry,Queretaro,2110,1413,Africa,Latin America,3.253,1.307,0.0058,0.169,6.275,4.968,-0.046,-0.216,-0.0423,-0.0481,2.281,-0.685
Acapulco,Bangui,1018,958,Latin America,Africa,3.252,3.131,0.0818,0.424,7.131,4.0,-0.507,-0.931,-0.0486,-0.1304,-0.248,-1.011
Batam,Lilongwe,1748,1276,Asia,Africa,3.252,2.639,0.053,0.839,7.284,4.646,-0.074,-0.913,-0.0223,-0.0753,1.063,-0.631
Bandar Lampung,Oran,1162,935,Asia,Africa,3.244,3.2,0.0527,0.46,6.547,9.747,0.189,-0.271,-0.0696,-0.0169,0.165,-0.089
Batam,Niamey,1748,1437,Asia,Africa,3.242,2.083,0.0654,0.602,7.284,5.201,-0.074,-0.677,-0.0223,-0.0877,1.063,-1.325
Lagos,Bogota,15945,11507,Africa,Latin America,3.236,3.155,0.0528,0.128,5.836,8.99,0.126,-0.002,-0.1059,-0.0531,0.182,-0.463
Salvador,Hanoi,3958,5253,Latin America,Asia,3.231,3.195,0.0316,0.21,10.951,14.146,0.201,-0.009,-0.0761,-0.0445,0.384,-0.022
Quito,Niamey,1956,1437,Latin America,Africa,3.229,3.019,0.034,0.385,8.22,5.201,-0.291,-0.677,-0.0537,-0.0877,-0.273,-1.325
Conakry,Quito,2110,1956,Africa,Latin America,3.223,1.945,0.0114,0.245,6.275,8.22,-0.046,-0.291,-0.0423,-0.0537,2.281,-0.273
Nairobi,Antananarivo,5325,3872,Africa,Africa,3.217,3.134,0.0591,0.316,9.556,6.422,-0.287,-0.602,-0.1025,-0.1616,-0.007,-0.602
Mumbai,Cairo,21296,22183,Asia,Africa,3.213,1.965,0.078,0.684,13.773,11.809,-0.505,0.178,-0.0352,-0.1131,1.271,-1.157
Maputo,Oran,1162,935,Africa,Africa,3.201,3.082,0.0491,0.372,6.665,9.747,-0.643,-0.271,-0.0661,-0.0169,0.672,-0.089
Onitsha,Palembang,1623,1818,Africa,Asia,3.196,2.274,0.0184,0.416,7.432,5.158,-0.414,0.002,-0.0584,-0.0768,0.692,-1.493
Chennai,Ho Chi Minh City,11776,9320,Asia,Asia,3.19,3.114,0.0309,0.274,7.369,10.483,-0.005,0.269,-0.1231,-0.0922,-0.129,-0.757
Dakar,Algiers,3429,2901,Africa,Africa,3.189,2.982,0.0776,0.715,7.52,10.502,0.043,-0.672,-0.0635,0.0141,1.335,0.464
Johannesburg,Kano,6198,4348,Africa,Africa,3.188,2.746,0.1078,0.085,8.136,5.39,-0.441,-0.356,-0.0379,-0.1457,-0.256,-1.805
Phnom Penh,Leon,2281,1898,Asia,Latin America,3.181,3.08,0.0271,0.495,8.402,5.322,0.318,-0.177,-0.0779,-0.0508,-0.417,-1.025
Maputo,Bangui,1162,958,Africa,Africa,3.179,2.665,0.0644,0.288,6.665,4.0,-0.643,-0.931,-0.0661,-0.1304,0.672,-1.011
Abuja,Kampala,3839,3846,Africa,Africa,3.175,2.557,0.0832,0.242,7.787,5.23,-0.655,-0.413,-0.0221,-0.1053,0.395,-1.46
Monrovia,Kathmandu,1678,1571,Africa,Asia,3.17,1.725,0.0145,0.091,5.833,7.558,-0.199,-0.29,-0.1143,-0.1289,0.969,-1.678
Batam,Bobo-Dioulasso,1748,1128,Asia,Africa,3.167,2.088,0.063,0.654,7.284,5.196,-0.074,-0.728,-0.0223,-0.0853,1.063,-1.205
Batam,Medan,1748,2439,Asia,Asia,3.163,0.922,0.0772,0.532,7.284,6.363,-0.074,0.457,-0.0223,-0.0995,1.063,-1.906
Lilongwe,Kathmandu,1276,1571,Africa,Asia,3.159,2.912,0.0536,0.623,4.646,7.558,-0.913,-0.29,-0.0753,-0.1289,-0.631,-1.678
Johannesburg,Kampala,6198,3846,Africa,Africa,3.154,2.906,0.0674,0.028,8.136,5.23,-0.441,-0.413,-0.0379,-0.1053,-0.256,-1.46
Cali,Ibadan,2863,3874,Latin America,Africa,3.152,2.681,0.0114,0.545,7.104,4.424,0.319,-0.226,-0.1247,-0.1361,-0.529,-2.093
Accra,Quito,2660,1956,Africa,Latin America,3.146,3.114,0.0152,0.192,5.107,8.22,-0.1,-0.291,-0.0689,-0.0537,0.121,-0.273
Kuala Lumpur,Bogota,8621,11507,Asia,Latin America,3.137,3.116,0.0606,0.258,12.106,8.99,-0.26,-0.002,0.0076,-0.0531,-0.365,-0.463
Onitsha,Lilongwe,1623,1276,Africa,Africa,3.133,2.787,0.0169,0.499,7.432,4.646,-0.414,-0.913,-0.0584,-0.0753,0.692,-0.631
Aba,Quito,1188,1956,Africa,Latin America,3.117,3.072,0.0088,0.528,5.148,8.22,-0.82,-0.291,-0.0625,-0.0537,-0.227,-0.273
Makassar,Managua,1673,1094,Asia,Latin America,3.109,2.942,0.0548,0.893,7.26,4.318,0.427,-0.466,-0.086,-0.0312,0.002,-0.449
Abuja,Yaounde,3839,4509,Africa,Africa,3.085,2.052,0.1728,0.408,7.787,5.735,-0.655,-0.247,-0.0221,-0.1948,0.395,-1.821
Luanda,Hyderabad,9292,10801,Africa,Asia,3.075,2.196,0.0196,0.482,6.547,8.743,-0.561,-0.08,-0.0898,-0.1094,0.568,-1.507
Kampala,Bandung,3846,2674,Africa,Asia,3.075,2.947,0.0255,0.872,5.23,8.177,-0.413,0.458,-0.1053,-0.0797,-1.46,-1.543
Dhaka,Mexico City,23209,22281,Asia,Latin America,3.073,2.698,0.0166,0.366,10.189,7.49,-0.188,0.178,-0.1714,-0.1548,-0.427,-1.839
Pune,Belo Horizonte,7166,6247,Asia,Latin America,3.066,2.91,0.0408,0.491,7.563,10.473,-0.446,0.046,-0.0471,-0.0879,-0.48,-1.284
Onitsha,Cancun,1623,1022,Africa,Latin America,3.062,2.665,0.0231,0.046,7.432,4.767,-0.414,-0.46,-0.0584,-0.0353,0.692,-0.788
Makassar,Nouakchott,1673,1491,Asia,Africa,3.062,1.514,0.0526,0.609,7.26,5.746,0.427,-0.182,-0.086,-0.1386,0.002,-2.547
Palembang,Bandung,1818,2674,Asia,Asia,3.056,3.019,0.0029,0.457,5.158,8.177,0.002,0.458,-0.0768,-0.0797,-1.493,-1.543
Rio de Janeiro,Buenos Aires,13727,15490,Latin America,Latin America,3.045,2.879,0.127,0.294,14.638,17.518,-0.056,0.237,-0.0434,-0.1704,0.855,-0.062
Rio de Janeiro,Sao Paulo,13727,22619,Latin America,Latin America,3.041,0.832,0.0743,0.05,14.638,13.807,-0.056,-0.006,-0.0434,0.0309,0.855,-2.03
Onitsha,Niamey,1623,1437,Africa,Africa,3.04,2.231,0.0294,0.262,7.432,5.201,-0.414,-0.677,-0.0584,-0.0877,0.692,-1.325
Brasilia,Hanoi,4873,5253,Latin America,Asia,3.04,2.831,0.0372,0.496,11.316,14.146,-0.504,-0.009,-0.0074,-0.0445,0.97,-0.022
Conakry,Port-au-Prince,2110,2987,Africa,Latin America,3.036,0.729,0.1081,0.391,6.275,5.546,-0.046,-0.437,-0.0423,-0.1503,2.281,-0.621
Pune,Ho Chi Minh City,7166,9320,Asia,Asia,3.031,2.92,0.0451,0.714,7.563,10.483,-0.446,0.269,-0.0471,-0.0922,-0.48,-0.757
Bandar Lampung,Bangui,1162,958,Asia,Africa,3.028,2.547,0.0608,1.12,6.547,4.0,0.189,-0.931,-0.0696,-0.1304,0.165,-1.011
Freetown,Quito,1309,1956,Africa,Latin America,3.023,2.816,0.0091,0.318,5.404,8.22,-0.609,-0.291,-0.0446,-0.0537,0.777,-0.273
Luanda,Bangkok,9292,11069,Africa,Asia,3.021,2.358,0.0587,0.46,6.547,8.906,-0.561,-0.101,-0.0898,-0.0311,0.568,-1.263
Makassar,Lilongwe,1673,1276,Asia,Africa,3.007,2.615,0.0107,1.34,7.26,4.646,0.427,-0.913,-0.086,-0.0753,0.002,-0.631
Medellin,Guatemala City,4102,3095,Latin America,Latin America,3.006,2.987,0.0367,0.08,9.674,6.687,0.014,-0.067,-0.1069,-0.0702,-0.249,-0.571
Monrovia,Medan,1678,2439,Africa,Asia,3.005,0.53,0.0148,0.656,5.833,6.363,-0.199,0.457,-0.1143,-0.0995,0.969,-1.906
Quito,Leon,1956,1898,Latin America,Latin America,3.0,2.898,0.0029,0.115,8.22,5.322,-0.291,-0.177,-0.0537,-0.0508,-0.273,-1.025
Kigali,Quito,1247,1956,Africa,Latin America,2.997,2.96,0.0256,0.328,5.26,8.22,-0.62,-0.291,-0.0793,-0.0537,0.052,-0.273
Alexandria,Brasilia,5588,4873,Africa,Latin America,2.993,2.927,0.0588,0.579,14.242,11.316,0.075,-0.504,-0.0661,-0.0074,1.155,0.97
Dakar,Bandung,3429,2674,Africa,Asia,2.986,0.657,0.0162,0.416,7.52,8.177,0.043,0.458,-0.0635,-0.0797,1.335,-1.543
Mombasa,Nouakchott,1440,1491,Africa,Africa,2.974,0.688,0.0407,0.185,6.435,5.746,0.003,-0.182,-0.0979,-0.1386,0.305,-2.547
Conakry,Cali,2110,2863,Africa,Latin America,2.973,0.829,0.0824,0.365,6.275,7.104,-0.046,0.319,-0.0423,-0.1247,2.281,-0.529
Leon,Bandung,1898,2674,Latin America,Asia,2.971,2.855,0.029,0.635,5.322,8.177,-0.177,0.458,-0.0508,-0.0797,-1.025,-1.543
Chennai,Surat,11776,8064,Asia,Asia,2.971,2.939,0.0208,0.05,7.369,10.308,-0.005,0.046,-0.1231,-0.1023,-0.129,-0.497
Conakry,Semarang,2110,1975,Africa,Asia,2.97,0.065,0.0163,0.262,6.275,6.21,-0.046,0.215,-0.0423,-0.0586,2.281,-0.67
Onitsha,Bobo-Dioulasso,1623,1128,Africa,Africa,2.97,2.236,0.0269,0.314,7.432,5.196,-0.414,-0.728,-0.0584,-0.0853,0.692,-1.205
Davao,Nouakchott,1949,1491,Asia,Africa,2.967,0.565,0.0544,0.106,6.311,5.746,-0.076,-0.182,-0.0842,-0.1386,0.331,-2.547
Monrovia,Phnom Penh,1678,2281,Africa,Asia,2.967,2.569,0.0364,0.517,5.833,8.402,-0.199,0.318,-0.1143,-0.0779,0.969,-0.417
Phnom Penh,Port-au-Prince,2281,2987,Asia,Latin America,2.966,2.856,0.0724,0.755,8.402,5.546,0.318,-0.437,-0.0779,-0.1503,-0.417,-0.621
Salvador,Johannesburg,3958,6198,Latin America,Africa,2.961,2.815,0.0382,0.642,10.951,8.136,0.201,-0.441,-0.0761,-0.0379,0.384,-0.256
Dakar,Addis Ababa,3429,5460,Africa,Africa,2.961,1.445,0.0436,0.258,7.52,6.075,0.043,-0.215,-0.0635,-0.1071,1.335,-1.217
Onitsha,Medan,1623,2439,Africa,Asia,2.954,1.07,0.0411,0.872,7.432,6.363,-0.414,0.457,-0.0584,-0.0995,0.692,-1.906
Phnom Penh,San Jose,2281,1820,Asia,Latin America,2.946,2.869,0.0296,0.383,8.402,5.533,0.318,-0.066,-0.0779,-0.0483,-0.417,-0.965
Bogota,Ahmedabad,11507,8650,Latin America,Asia,2.942,2.776,0.0528,0.113,8.99,6.214,-0.002,-0.115,-0.0531,-0.1058,-0.463,-1.401
Cancun,Kathmandu,1022,1571,Latin America,Asia,2.936,2.791,0.0936,0.17,4.767,7.558,-0.46,-0.29,-0.0353,-0.1289,-0.788,-1.678
Abuja,Medan,3839,2439,Africa,Asia,2.933,1.424,0.0774,1.113,7.787,6.363,-0.655,0.457,-0.0221,-0.0995,0.395,-1.906
Bandung,Kano,2674,4348,Asia,Africa,2.93,2.788,0.0659,0.815,8.177,5.39,0.458,-0.356,-0.0797,-0.1457,-1.543,-1.805
Port-au-Prince,Bandung,2987,2674,Latin America,Asia,2.93,2.631,0.0706,0.896,5.546,8.177,-0.437,0.458,-0.1503,-0.0797,-0.621,-1.543
Mombasa,Bangui,1440,958,Africa,Africa,2.925,2.434,0.0326,0.934,6.435,4.0,0.003,-0.931,-0.0979,-0.1304,0.305,-1.011
Medellin,Jaipur,4102,4207,Latin America,Asia,2.925,2.864,0.0441,0.107,9.674,6.81,0.014,0.12,-0.1069,-0.1511,-0.249,-0.831
Asuncion,Ibadan,3510,3874,Latin America,Africa,2.921,1.844,0.0289,0.002,6.267,4.424,-0.228,-0.226,-0.1072,-0.1361,0.157,-2.093
Johannesburg,Yaounde,6198,4509,Africa,Africa,2.918,2.401,0.157,0.194,8.136,5.735,-0.441,-0.247,-0.0379,-0.1948,-0.256,-1.821
Kisumu,Windhoek,392,477,Africa,Africa,2.916,1.802,0.003,0.616,5.121,6.924,-1.135,-0.518,-0.0396,-0.0366,1.619,-0.574
Batam,Queretaro,1748,1413,Asia,Latin America,2.911,2.316,0.0258,0.141,7.284,4.968,-0.074,-0.216,-0.0223,-0.0481,1.063,-0.685
Kigali,Kathmandu,1247,1571,Africa,Asia,2.904,2.298,0.0495,0.33,5.26,7.558,-0.62,-0.29,-0.0793,-0.1289,0.052,-1.678
Nairobi,Jaipur,5325,4207,Africa,Asia,2.903,2.746,0.0485,0.407,9.556,6.81,-0.287,0.12,-0.1025,-0.1511,-0.007,-0.831
Bandar Lampung,Nouakchott,1162,1491,Asia,Africa,2.898,0.801,0.069,0.371,6.547,5.746,0.189,-0.182,-0.0696,-0.1386,0.165,-2.547
Conakry,Surabaya,2110,3044,Africa,Asia,2.897,0.123,0.0396,0.682,6.275,6.398,-0.046,0.635,-0.0423,-0.0819,2.281,-0.527
Algiers,La Paz,2901,1935,Africa,Latin America,2.894,2.511,0.0963,0.303,10.502,13.012,-0.672,-0.369,0.0141,-0.0823,0.464,-0.925
Conakry,Guatemala City,2110,3095,Africa,Latin America,2.891,0.412,0.0279,0.02,6.275,6.687,-0.046,-0.067,-0.0423,-0.0702,2.281,-0.571
Batam,Leon,1748,1898,Asia,Latin America,2.876,1.962,0.0285,0.102,7.284,5.322,-0.074,-0.177,-0.0223,-0.0508,1.063,-1.025
Aba,Kathmandu,1188,1571,Africa,Asia,2.868,2.409,0.0663,0.529,5.148,7.558,-0.82,-0.29,-0.0625,-0.1289,-0.227,-1.678
Denpasar,Kathmandu,1053,1571,Asia,Asia,2.837,2.442,0.0882,0.44,5.116,7.558,0.15,-0.29,-0.0407,-0.1289,-0.327,-1.678
Onitsha,Queretaro,1623,1413,Africa,Latin America,2.836,2.464,0.0103,0.199,7.432,4.968,-0.414,-0.216,-0.0584,-0.0481,0.692,-0.685
Dakar,Port-au-Prince,3429,2987,Africa,Latin America,2.831,1.974,0.0868,0.48,7.52,5.546,0.043,-0.437,-0.0635,-0.1503,1.335,-0.621
Rio de Janeiro,Kuala Lumpur,13727,8621,Latin America,Asia,2.825,2.532,0.0509,0.204,14.638,12.106,-0.056,-0.26,-0.0434,0.0076,0.855,-0.365
Tegucigalpa,Phnom Penh,1568,2281,Latin America,Asia,2.823,2.765,0.0147,0.55,5.637,8.402,-0.232,0.318,-0.0926,-0.0779,-0.314,-0.417
Acapulco,Managua,1018,1094,Latin America,Latin America,2.822,2.813,0.0174,0.041,7.131,4.318,-0.507,-0.466,-0.0486,-0.0312,-0.248,-0.449
Batam,Bandung,1748,2674,Asia,Asia,2.811,0.893,0.0575,0.533,7.284,8.177,-0.074,0.458,-0.0223,-0.0797,1.063,-1.543
Pune,Surat,7166,8064,Asia,Asia,2.799,2.746,0.0552,0.491,7.563,10.308,-0.446,0.046,-0.0471,-0.1023,-0.48,-0.497
Guayaquil,Lusaka,3142,3181,Latin America,Africa,2.796,2.581,0.0129,0.818,7.469,4.888,0.329,-0.489,-0.0873,-0.1002,-0.906,-1.602
Quito,San Jose,1956,1820,Latin America,Latin America,2.785,2.687,0.0054,0.226,8.22,5.533,-0.291,-0.066,-0.0537,-0.0483,-0.273,-0.965
Queretaro,Kathmandu,1413,1571,Latin America,Asia,2.78,2.59,0.0808,0.074,4.968,7.558,-0.216,-0.29,-0.0481,-0.1289,-0.685,-1.678
Batam,Kathmandu,1748,1571,Asia,Asia,2.775,0.273,0.1066,0.216,7.284,7.558,-0.074,-0.29,-0.0223,-0.1289,1.063,-1.678
Ho Chi Minh City,Jakarta,9320,11248,Asia,Asia,2.77,2.691,0.0011,0.337,10.483,7.792,0.269,0.606,-0.0922,-0.0932,-0.757,-1.311
Makassar,Cancun,1673,1022,Asia,Latin America,2.767,2.493,0.0507,0.887,7.26,4.767,0.427,-0.46,-0.086,-0.0353,0.002,-0.788
Brazzaville,Ibadan,2637,3874,Africa,Africa,2.766,1.938,0.0319,0.011,6.362,4.424,-0.215,-0.226,-0.1043,-0.1361,-0.135,-2.093
Delhi,Mexico City,32941,22281,Asia,Latin America,2.762,2.179,0.1068,0.227,9.67,7.49,-0.049,0.178,-0.048,-0.1548,-0.18,-1.839
San Jose,Bandung,1820,2674,Latin America,Asia,2.758,2.644,0.0315,0.524,5.533,8.177,-0.066,0.458,-0.0483,-0.0797,-0.965,-1.543
Abuja,Accra,3839,2660,Africa,Africa,2.754,2.68,0.0468,0.556,7.787,5.107,-0.655,-0.1,-0.0221,-0.0689,0.395,0.121
Onitsha,Leon,1623,1898,Africa,Latin America,2.744,2.11,0.0076,0.237,7.432,5.322,-0.414,-0.177,-0.0584,-0.0508,0.692,-1.025
Bangkok,Ahmedabad,11069,8650,Asia,Asia,2.74,2.691,0.0747,0.014,8.906,6.214,-0.101,-0.115,-0.0311,-0.1058,-1.263,-1.401
Guatemala City,Ibadan,3095,3874,Latin America,Africa,2.739,2.264,0.0659,0.16,6.687,4.424,-0.067,-0.226,-0.0702,-0.1361,-0.571,-2.093
Harare,Bangui,1578,958,Africa,Africa,2.739,2.589,0.0927,0.161,6.589,4.0,-0.77,-0.931,-0.0377,-0.1304,-0.156,-1.011
Guayaquil,Kumasi,3142,3768,Latin America,Africa,2.737,2.536,0.0099,0.75,7.469,4.933,0.329,-0.422,-0.0873,-0.0972,-0.906,-1.612
Maputo,Palembang,1162,1818,Africa,Asia,2.734,1.507,0.0107,0.645,6.665,5.158,-0.643,0.002,-0.0661,-0.0768,0.672,-1.493
Kinshasa,Dhaka,16315,23209,Africa,Asia,2.732,2.678,0.2334,0.326,7.511,10.189,0.138,-0.188,-0.4049,-0.1714,-0.115,-0.427
Acapulco,Nouakchott,1018,1491,Latin America,Africa,2.731,1.385,0.09,0.325,7.131,5.746,-0.507,-0.182,-0.0486,-0.1386,-0.248,-2.547
Kigali,Nouakchott,1247,1491,Africa,Africa,2.729,0.486,0.0593,0.438,5.26,5.746,-0.62,-0.182,-0.0793,-0.1386,0.052,-2.547
Jaipur,Ibadan,4207,3874,Asia,Africa,2.724,2.386,0.0149,0.347,6.81,4.424,0.12,-0.226,-0.1511,-0.1361,-0.831,-2.093
Luanda,Bogota,9292,11507,Africa,Latin America,2.722,2.443,0.0367,0.559,6.547,8.99,-0.561,-0.002,-0.0898,-0.0531,0.568,-0.463
Algiers,Abuja,2901,3839,Africa,Africa,2.717,2.715,0.0362,0.017,10.502,7.787,-0.672,-0.655,0.0141,-0.0221,0.464,0.395
Surat,Jakarta,8064,11248,Asia,Asia,2.716,2.517,0.009,0.56,10.308,7.792,0.046,0.606,-0.1023,-0.0932,-0.497,-1.311
Dakar,Monterrey,3429,5116,Africa,Latin America,2.711,1.12,0.0321,0.118,7.52,6.4,0.043,-0.076,-0.0635,-0.0314,1.335,-1.122
Quito,Port-au-Prince,1956,2987,Latin America,Latin America,2.708,2.674,0.0966,0.146,8.22,5.546,-0.291,-0.437,-0.0537,-0.1503,-0.273,-0.621
Dakar,Accra,3429,2660,Africa,Africa,2.706,2.413,0.0054,0.142,7.52,5.107,0.043,-0.1,-0.0635,-0.0689,1.335,0.121
Davao,Bandung,1949,2674,Asia,Asia,2.699,1.866,0.0044,0.535,6.311,8.177,-0.076,0.458,-0.0842,-0.0797,0.331,-1.543
Makassar,Niamey,1673,1437,Asia,Africa,2.697,2.059,0.0017,1.104,7.26,5.201,0.427,-0.677,-0.086,-0.0877,0.002,-1.325
Monrovia,Quito,1678,1956,Africa,Latin America,2.695,2.387,0.0606,0.092,5.833,8.22,-0.199,-0.291,-0.1143,-0.0537,0.969,-0.273
Conakry,Tegucigalpa,2110,1568,Africa,Latin America,2.692,0.638,0.0504,0.186,6.275,5.637,-0.046,-0.232,-0.0423,-0.0926,2.281,-0.314
Batam,San Jose,1748,1820,Asia,Latin America,2.684,1.751,0.026,0.009,7.284,5.533,-0.074,-0.066,-0.0223,-0.0483,1.063,-0.965
Dakar,Medellin,3429,4102,Africa,Latin America,2.681,2.154,0.0434,0.029,7.52,9.674,0.043,0.014,-0.0635,-0.1069,1.335,-0.249
Surabaya,Ibadan,3044,3874,Asia,Africa,2.675,1.975,0.0542,0.861,6.398,4.424,0.635,-0.226,-0.0819,-0.1361,-0.527,-2.093
Makassar,Bobo-Dioulasso,1673,1128,Asia,Africa,2.665,2.064,0.0007,1.155,7.26,5.196,0.427,-0.728,-0.086,-0.0853,0.002,-1.205
Abuja,Puebla,3839,3344,Africa,Latin America,2.664,1.524,0.1038,0.503,7.787,6.263,-0.655,-0.153,-0.0221,-0.1259,0.395,-1.712
Pune,Guadalajara,7166,5419,Asia,Latin America,2.656,2.043,0.0688,0.593,7.563,5.52,-0.446,0.147,-0.0471,-0.1159,-0.48,-2.06
Kuala Lumpur,Lima,8621,11204,Asia,Latin America,2.653,2.448,0.0959,0.277,12.106,9.659,-0.26,0.017,0.0076,-0.0883,-0.365,-1.28
Asuncion,Bandung,3510,2674,Latin America,Asia,2.65,1.91,0.0275,0.686,6.267,8.177,-0.228,0.458,-0.1072,-0.0797,0.157,-1.543
Johannesburg,Abidjan,6198,5686,Africa,Africa,2.65,2.504,0.0758,0.568,8.136,5.632,-0.441,0.127,-0.0379,-0.1137,-0.256,-0.838
Harare,Nouakchott,1578,1491,Africa,Africa,2.65,0.843,0.1009,0.588,6.589,5.746,-0.77,-0.182,-0.0377,-0.1386,-0.156,-2.547
Alexandria,Kuala Lumpur,5588,8621,Africa,Asia,2.647,2.136,0.0737,0.335,14.242,12.106,0.075,-0.26,-0.0661,0.0076,1.155,-0.365
Lagos,Mexico City,15945,22281,Africa,Latin America,2.639,1.654,0.049,0.051,5.836,7.49,0.126,0.178,-0.1059,-0.1548,0.182,-1.839
Oran,Acapulco,935,1018,Africa,Latin America,2.633,2.616,0.0317,0.236,9.747,7.131,-0.271,-0.507,-0.0169,-0.0486,-0.089,-0.248
Accra,Guayaquil,2660,3142,Africa,Latin America,2.63,2.363,0.0184,0.428,5.107,7.469,-0.1,0.329,-0.0689,-0.0873,0.121,-0.906
Makassar,Palembang,1673,1818,Asia,Asia,2.621,2.102,0.0092,0.425,7.26,5.158,0.427,0.002,-0.086,-0.0768,0.002,-1.493
Johannesburg,Belo Horizonte,6198,6247,Africa,Latin America,2.617,2.337,0.05,0.487,8.136,10.473,-0.441,0.046,-0.0379,-0.0879,-0.256,-1.284
Abuja,Abidjan,3839,5686,Africa,Africa,2.617,2.154,0.0916,0.782,7.787,5.632,-0.655,0.127,-0.0221,-0.1137,0.395,-0.838
Maputo,Managua,1162,1094,Africa,Latin America,2.614,2.347,0.0349,0.177,6.665,4.318,-0.643,-0.466,-0.0661,-0.0312,0.672,-0.449
Dar es Salaam,Jakarta,7775,11248,Africa,Asia,2.611,1.975,0.089,0.814,5.817,7.792,-0.208,0.606,-0.1823,-0.0932,0.182,-1.311
Bujumbura,Quito,1206,1956,Africa,Latin America,2.609,2.605,0.0606,0.024,5.615,8.22,-0.268,-0.291,-0.1143,-0.0537,-0.167,-0.273
Batam,Aba,1748,1188,Asia,Africa,2.607,2.136,0.0403,0.745,7.284,5.148,-0.074,-0.82,-0.0223,-0.0625,1.063,-0.227
Luanda,Bangalore,9292,13607,Africa,Asia,2.605,0.88,0.0937,0.608,6.547,7.427,-0.561,0.047,-0.0898,-0.1835,0.568,-1.762
Medellin,Cali,4102,2863,Latin America,Latin America,2.604,2.57,0.0178,0.305,9.674,7.104,0.014,0.319,-0.1069,-0.1247,-0.249,-0.529
Onitsha,Denpasar,1623,1053,Africa,Asia,2.595,2.317,0.0177,0.564,7.432,5.116,-0.414,0.15,-0.0584,-0.0407,0.692,-0.327
Cali,Lusaka,2863,3181,Latin America,Africa,2.592,2.216,0.0245,0.808,7.104,4.888,0.319,-0.489,-0.1247,-0.1002,-0.529,-1.602
Managua,Nouakchott,1094,1491,Latin America,Africa,2.59,1.428,0.1074,0.284,4.318,5.746,-0.466,-0.182,-0.0312,-0.1386,-0.449,-2.547
Quito,Medan,1956,2439,Latin America,Asia,2.589,1.858,0.0458,0.749,8.22,6.363,-0.291,0.457,-0.0537,-0.0995,-0.273,-1.906
Quito,Tegucigalpa,1956,1568,Latin America,Latin America,2.587,2.583,0.0389,0.059,8.22,5.637,-0.291,-0.232,-0.0537,-0.0926,-0.273,-0.314
Guayaquil,Ouagadougou,3142,3203,Latin America,Africa,2.584,2.407,0.074,0.787,7.469,5.062,0.329,-0.458,-0.0873,-0.1613,-0.906,-1.409
Nairobi,Kuala Lumpur,5325,8621,Africa,Asia,2.579,2.551,0.1101,0.027,9.556,12.106,-0.287,-0.26,-0.1025,0.0076,-0.007,-0.365
Chennai,Lima,11776,11204,Asia,Latin America,2.578,2.29,0.0348,0.022,7.369,9.659,-0.005,0.017,-0.1231,-0.0883,-0.129,-1.28
Monrovia,Palembang,1678,1818,Africa,Asia,2.575,0.675,0.0375,0.201,5.833,5.158,-0.199,0.002,-0.1143,-0.0768,0.969,-1.493
Conakry,Harare,2110,1578,Africa,Africa,2.565,0.314,0.0045,0.724,6.275,6.589,-0.046,-0.77,-0.0423,-0.0377,2.281,-0.156
Cairo,Kolkata,22183,15332,Africa,Asia,2.562,2.543,0.1469,0.067,11.809,9.266,0.178,0.112,-0.1131,-0.26,-1.157,-1.196
Pune,Kano,7166,4348,Asia,Africa,2.559,2.173,0.0986,0.089,7.563,5.39,-0.446,-0.356,-0.0471,-0.1457,-0.48,-1.805
Lagos,Bangalore,15945,13607,Africa,Asia,2.557,1.592,0.0776,0.079,5.836,7.427,0.126,0.047,-0.1059,-0.1835,0.182,-1.762
Maputo,Kathmandu,1162,1571,Africa,Asia,2.555,0.893,0.0628,0.353,6.665,7.558,-0.643,-0.29,-0.0661,-0.1289,0.672,-1.678
Dakar,Santo Domingo,3429,3523,Africa,Latin America,2.554,1.441,0.0403,0.197,7.52,6.079,0.043,-0.155,-0.0635,-0.1039,1.335,-0.751
Phnom Penh,Puebla,2281,3344,Asia,Latin America,2.554,2.139,0.048,0.47,8.402,6.263,0.318,-0.153,-0.0779,-0.1259,-0.417,-1.712
Cape Town,Belo Horizonte,4890,6247,Africa,Latin America,2.551,1.345,0.0827,0.557,11.818,10.473,-0.511,0.046,-0.0052,-0.0879,0.788,-1.284
Onitsha,San Jose,1623,1820,Africa,Latin America,2.55,1.899,0.0101,0.349,7.432,5.533,-0.414,-0.066,-0.0584,-0.0483,0.692,-0.965
Acapulco,Lilongwe,1018,1276,Latin America,Africa,2.548,2.485,0.0267,0.406,7.131,4.646,-0.507,-0.913,-0.0486,-0.0753,-0.248,-0.631
Manila,Bangalore,14667,13607,Asia,Asia,2.548,2.317,0.0659,0.252,9.745,7.427,0.3,0.047,-0.1176,-0.1835,-0.779,-1.762
Luanda,Jakarta,9292,11248,Africa,Asia,2.54,1.244,0.0034,1.167,6.547,7.792,-0.561,0.606,-0.0898,-0.0932,0.568,-1.311
Ahmedabad,Hyderabad,8650,10801,Asia,Asia,2.538,2.529,0.0036,0.035,6.214,8.743,-0.115,-0.08,-0.1058,-0.1094,-1.401,-1.507
Cali,Kumasi,2863,3768,Latin America,Africa,2.536,2.171,0.0275,0.741,7.104,4.933,0.319,-0.422,-0.1247,-0.0972,-0.529,-1.612
Conakry,Makassar,2110,1673,Africa,Asia,2.533,0.985,0.0437,0.473,6.275,7.26,-0.046,0.427,-0.0423,-0.086,2.281,0.002
Phnom Penh,Medan,2281,2439,Asia,Asia,2.532,2.04,0.0216,0.14,8.402,6.363,0.318,0.457,-0.0779,-0.0995,-0.417,-1.906
Alexandria,Cape Town,5588,4890,Africa,Africa,2.529,2.424,0.0609,0.586,14.242,11.818,0.075,-0.511,-0.0661,-0.0052,1.155,0.788
Aba,Nouakchott,1188,1491,Africa,Africa,2.523,0.598,0.0761,0.638,5.148,5.746,-0.82,-0.182,-0.0625,-0.1386,-0.227,-2.547
Antananarivo,Ibadan,3872,3874,Africa,Africa,2.522,1.998,0.0255,0.376,6.422,4.424,-0.602,-0.226,-0.1616,-0.1361,-0.602,-2.093
Onitsha,Bandung,1623,2674,Africa,Asia,2.521,0.745,0.0214,0.873,7.432,8.177,-0.414,0.458,-0.0584,-0.0797,0.692,-1.543
Cape Town,Hanoi,4890,5253,Africa,Asia,2.517,2.328,0.0393,0.503,11.818,14.146,-0.511,-0.009,-0.0052,-0.0445,0.788,-0.022
Lagos,Jakarta,15945,11248,Africa,Asia,2.511,1.956,0.0126,0.48,5.836,7.792,0.126,0.606,-0.1059,-0.0932,0.182,-1.311
Johannesburg,Ho Chi Minh City,6198,9320,Africa,Asia,2.509,2.347,0.0543,0.71,8.136,10.483,-0.441,0.269,-0.0379,-0.0922,-0.256,-0.757
Maputo,Niamey,1162,1437,Africa,Africa,2.502,1.464,0.0216,0.034,6.665,5.201,-0.643,-0.677,-0.0661,-0.0877,0.672,-1.325
Manila,Mexico City,14667,22281,Asia,Latin America,2.499,2.254,0.0372,0.122,9.745,7.49,0.3,0.178,-0.1176,-0.1548,-0.779,-1.839
Onitsha,Aba,1623,1188,Africa,Africa,2.498,2.284,0.0042,0.405,7.432,5.148,-0.414,-0.82,-0.0584,-0.0625,0.692,-0.227
Brasilia,Belo Horizonte,4873,6247,Latin America,Latin America,2.486,0.843,0.0805,0.55,11.316,10.473,-0.504,0.046,-0.0074,-0.0879,0.97,-1.284
Algiers,Phnom Penh,2901,2281,Africa,Asia,2.485,2.099,0.092,0.99,10.502,8.402,-0.672,0.318,0.0141,-0.0779,0.464,-0.417
Chennai,Manila,11776,14667,Asia,Asia,2.483,2.376,0.0054,0.304,7.369,9.745,-0.005,0.3,-0.1231,-0.1176,-0.129,-0.779
Abuja,Port-au-Prince,3839,2987,Africa,Latin America,2.482,2.241,0.1283,0.218,7.787,5.546,-0.655,-0.437,-0.0221,-0.1503,0.395,-0.621
Makassar,Queretaro,1673,1413,Asia,Latin America,2.48,2.292,0.0379,0.643,7.26,4.968,0.427,-0.216,-0.086,-0.0481,0.002,-0.685
Kinshasa,Lima,16315,11204,Africa,Latin America,2.472,2.148,0.3166,0.12,7.511,9.659,0.138,0.017,-0.4049,-0.0883,-0.115,-1.28
Dakar,Nairobi,3429,5325,Africa,Africa,2.467,2.036,0.039,0.329,7.52,9.556,0.043,-0.287,-0.0635,-0.1025,1.335,-0.007
Bujumbura,Kathmandu,1206,1571,Africa,Asia,2.464,1.943,0.0145,0.022,5.615,7.558,-0.268,-0.29,-0.1143,-0.1289,-0.167,-1.678
Makassar,Aba,1673,1188,Asia,Africa,2.463,2.112,0.0235,1.247,7.26,5.148,0.427,-0.82,-0.086,-0.0625,0.002,-0.227
Accra,Medan,2660,2439,Africa,Asia,2.463,1.256,0.0306,0.557,5.107,6.363,-0.1,0.457,-0.0689,-0.0995,0.121,-1.906
Bangui,Nouakchott,958,1491,Africa,Africa,2.462,1.746,0.0081,0.749,4.0,5.746,-0.931,-0.182,-0.1304,-0.1386,-1.011,-2.547
Conakry,Accra,2110,2660,Africa,Africa,2.457,1.169,0.0266,0.053,6.275,5.107,-0.046,-0.1,-0.0423,-0.0689,2.281,0.121
Cape Town,Medellin,4890,4102,Africa,Latin America,2.454,2.144,0.1017,0.525,11.818,9.674,-0.511,0.014,-0.0052,-0.1069,0.788,-0.249
Bobo-Dioulasso,Kathmandu,1128,1571,Africa,Asia,2.45,2.361,0.0436,0.438,5.196,7.558,-0.728,-0.29,-0.0853,-0.1289,-1.205,-1.678
Monrovia,Niamey,1678,1437,Africa,Africa,2.447,0.632,0.0266,0.478,5.833,5.201,-0.199,-0.677,-0.1143,-0.0877,0.969,-1.325
Davao,Lusaka,1949,3181,Asia,Africa,2.444,1.423,0.0161,0.413,6.311,4.888,-0.076,-0.489,-0.0842,-0.1002,0.331,-1.602
Conakry,Brazzaville,2110,2637,Africa,Africa,2.429,0.086,0.062,0.169,6.275,6.362,-0.046,-0.215,-0.0423,-0.1043,2.281,-0.135
Maputo,Lilongwe,1162,1276,Africa,Africa,2.429,2.02,0.0092,0.27,6.665,4.646,-0.643,-0.913,-0.0661,-0.0753,0.672,-0.631
Algiers,Quito,2901,1956,Africa,Latin America,2.429,2.281,0.0678,0.381,10.502,8.22,-0.672,-0.291,0.0141,-0.0537,0.464,-0.273
Acapulco,Cancun,1018,1022,Latin America,Latin America,2.427,2.364,0.0133,0.047,7.131,4.767,-0.507,-0.46,-0.0486,-0.0353,-0.248,-0.788
Palembang,Kathmandu,1818,1571,Asia,Asia,2.426,2.4,0.0521,0.292,5.158,7.558,0.002,-0.29,-0.0768,-0.1289,-1.493,-1.678
Guayaquil,Kampala,3142,3846,Latin America,Africa,2.424,2.239,0.018,0.742,7.469,5.23,0.329,-0.413,-0.0873,-0.1053,-0.906,-1.46
Maputo,Cancun,1162,1022,Africa,Latin America,2.419,1.898,0.0308,0.183,6.665,4.767,-0.643,-0.46,-0.0661,-0.0353,0.672,-0.788
Bujumbura,Nouakchott,1206,1491,Africa,Africa,2.418,0.131,0.0243,0.086,5.615,5.746,-0.268,-0.182,-0.1143,-0.1386,-0.167,-2.547
Onitsha,Accra,1623,2660,Africa,Africa,2.416,2.326,0.0105,0.315,7.432,5.107,-0.414,-0.1,-0.0584,-0.0689,0.692,0.121
Niamey,Kathmandu,1437,1571,Africa,Asia,2.416,2.356,0.0411,0.387,5.201,7.558,-0.677,-0.29,-0.0877,-0.1289,-1.325,-1.678
Abuja,Addis Ababa,3839,5460,Africa,Africa,2.413,1.712,0.085,0.44,7.787,6.075,-0.655,-0.215,-0.0221,-0.1071,0.395,-1.217
Cape Town,Nairobi,4890,5325,Africa,Africa,2.412,2.262,0.0973,0.225,11.818,9.556,-0.511,-0.287,-0.0052,-0.1025,0.788,-0.007
Maputo,Bobo-Dioulasso,1162,1128,Africa,Africa,2.411,1.469,0.0192,0.085,6.665,5.196,-0.643,-0.728,-0.0661,-0.0853,0.672,-1.205
Bandar Lampung,Managua,1162,1094,Asia,Latin America,2.406,2.229,0.0384,0.655,6.547,4.318,0.189,-0.466,-0.0696,-0.0312,0.165,-0.449
Phnom Penh,Santo Domingo,2281,3523,Asia,Latin America,2.399,2.323,0.0259,0.472,8.402,6.079,0.318,-0.155,-0.0779,-0.1039,-0.417,-0.751
Brazzaville,Bandung,2637,2674,Africa,Asia,2.396,1.815,0.0245,0.674,6.362,8.177,-0.215,0.458,-0.1043,-0.0797,-0.135,-1.543
Delhi,Cairo,32941,22183,Asia,Africa,2.394,2.139,0.0651,0.227,9.67,11.809,-0.049,0.178,-0.048,-0.1131,-0.18,-1.157
Asuncion,Guadalajara,3510,5419,Latin America,Latin America,2.394,0.748,0.0086,0.375,6.267,5.52,-0.228,0.147,-0.1072,-0.1159,0.157,-2.06
Onitsha,Kathmandu,1623,1571,Africa,Asia,2.394,0.125,0.0705,0.124,7.432,7.558,-0.414,-0.29,-0.0584,-0.1289,0.692,-1.678
Denpasar,Nouakchott,1053,1491,Asia,Africa,2.392,0.631,0.0979,0.332,5.116,5.746,0.15,-0.182,-0.0407,-0.1386,-0.327,-2.547
Davao,Kathmandu,1949,1571,Asia,Asia,2.379,1.247,0.0447,0.214,6.311,7.558,-0.076,-0.29,-0.0842,-0.1289,0.331,-1.678
Batam,Accra,1748,2660,Asia,Africa,2.376,2.178,0.0466,0.025,7.284,5.107,-0.074,-0.1,-0.0223,-0.0689,1.063,0.121
Dar es Salaam,Johannesburg,7775,6198,Africa,Africa,2.376,2.319,0.1444,0.233,5.817,8.136,-0.208,-0.441,-0.1823,-0.0379,0.182,-0.256
Guayaquil,Kano,3142,4348,Latin America,Africa,2.374,2.08,0.0584,0.685,7.469,5.39,0.329,-0.356,-0.0873,-0.1457,-0.906,-1.805
Freetown,Palembang,1309,1818,Africa,Asia,2.373,0.246,0.0322,0.611,5.404,5.158,-0.609,0.002,-0.0446,-0.0768,0.777,-1.493
Tegucigalpa,Kathmandu,1568,1571,Latin America,Asia,2.358,1.921,0.0362,0.058,5.637,7.558,-0.232,-0.29,-0.0926,-0.1289,-0.314,-1.678
Lilongwe,Nouakchott,1276,1491,Africa,Africa,2.357,1.1,0.0633,0.731,4.646,5.746,-0.913,-0.182,-0.0753,-0.1386,-0.631,-2.547
Cali,Ouagadougou,2863,3203,Latin America,Africa,2.356,2.042,0.0366,0.777,7.104,5.062,0.319,-0.458,-0.1247,-0.1613,-0.529,-1.409
Kinshasa,Manila,16315,14667,Africa,Asia,2.354,2.234,0.2872,0.162,7.511,9.745,0.138,0.3,-0.4049,-0.1176,-0.115,-0.779
Accra,Ibadan,2660,3874,Africa,Africa,2.348,0.683,0.0672,0.127,5.107,4.424,-0.1,-0.226,-0.0689,-0.1361,0.121,-2.093
Monrovia,Bobo-Dioulasso,1678,1128,Africa,Africa,2.347,0.637,0.029,0.529,5.833,5.196,-0.199,-0.728,-0.1143,-0.0853,0.969,-1.205
Dakar,Antananarivo,3429,3872,Africa,Africa,2.343,1.098,0.0981,0.645,7.52,6.422,0.043,-0.602,-0.0635,-0.1616,1.335,-0.602
Bandar Lampung,Lilongwe,1162,1276,Asia,Africa,2.342,1.902,0.0057,1.102,6.547,4.646,0.189,-0.913,-0.0696,-0.0753,0.165,-0.631
Kisumu,Constantine,392,417,Africa,Africa,2.337,2.165,0.0318,0.53,5.121,7.286,-1.135,-0.605,-0.0396,-0.0078,1.619,0.921
Leon,Kathmandu,1898,1571,Latin America,Asia,2.334,2.236,0.0781,0.113,5.322,7.558,-0.177,-0.29,-0.0508,-0.1289,-1.025,-1.678
Batam,Kigali,1748,1247,Asia,Africa,2.331,2.024,0.0571,0.545,7.284,5.26,-0.074,-0.62,-0.0223,-0.0793,1.063,0.052
Johannesburg,Ahmedabad,6198,8650,Africa,Asia,2.329,1.922,0.0679,0.326,8.136,6.214,-0.441,-0.115,-0.0379,-0.1058,-0.256,-1.401
Santo Domingo,Bandung,3523,2674,Latin America,Asia,2.326,2.098,0.0241,0.613,6.079,8.177,-0.155,0.458,-0.1039,-0.0797,-0.751,-1.543
Medellin,Guayaquil,4102,3142,Latin America,Latin America,2.323,2.205,0.0196,0.315,9.674,7.469,0.014,0.329,-0.1069,-0.0873,-0.249,-0.906
Dar es Salaam,Guadalajara,7775,5419,Africa,Latin America,2.318,0.297,0.0664,0.356,5.817,5.52,-0.208,0.147,-0.1823,-0.1159,0.182,-2.06
Harare,Managua,1578,1094,Africa,Latin America,2.312,2.271,0.0065,0.304,6.589,4.318,-0.77,-0.466,-0.0377,-0.0312,-0.156,-0.449
Johannesburg,Addis Ababa,6198,5460,Africa,Africa,2.311,2.061,0.0692,0.226,8.136,6.075,-0.441,-0.215,-0.0379,-0.1071,-0.256,-1.217
Pune,Lima,7166,11204,Asia,Latin America,2.308,2.096,0.0412,0.463,7.563,9.659,-0.446,0.017,-0.0471,-0.0883,-0.48,-1.28
Freetown,Bangui,1309,958,Africa,Africa,2.305,1.404,0.0858,0.322,5.404,4.0,-0.609,-0.931,-0.0446,-0.1304,0.777,-1.011
Davao,Medan,1949,2439,Asia,Asia,2.304,0.052,0.0153,0.533,6.311,6.363,-0.076,0.457,-0.0842,-0.0995,0.331,-1.906
Mombasa,Kathmandu,1440,1571,Africa,Asia,2.303,1.123,0.031,0.293,6.435,7.558,0.003,-0.29,-0.0979,-0.1289,0.305,-1.678
San Salvador,Bangui,1116,958,Latin America,Africa,2.303,2.021,0.0706,0.86,6.022,4.0,-0.071,-0.931,-0.0599,-0.1304,-0.342,-1.011
Karachi,Dhaka,17236,23209,Asia,Asia,2.298,2.276,0.0915,0.207,7.912,10.189,0.019,-0.188,-0.0799,-0.1714,-0.316,-0.427
Pune,Yaounde,7166,4509,Asia,Africa,2.298,1.828,0.1478,0.198,7.563,5.735,-0.446,-0.247,-0.0471,-0.1948,-0.48,-1.821
Mombasa,Managua,1440,1094,Africa,Latin America,2.297,2.117,0.0666,0.47,6.435,4.318,0.003,-0.466,-0.0979,-0.0312,0.305,-0.449
Dakar,Jaipur,3429,4207,Africa,Asia,2.292,0.71,0.0875,0.078,7.52,6.81,0.043,0.12,-0.0635,-0.1511,1.335,-0.831
Lima,Bangalore,11204,13607,Latin America,Asia,2.288,2.231,0.0952,0.03,9.659,7.427,0.017,0.047,-0.0883,-0.1835,-1.28,-1.762
Johannesburg,Surat,6198,8064,Africa,Asia,2.28,2.172,0.0644,0.487,8.136,10.308,-0.441,0.046,-0.0379,-0.1023,-0.256,-0.497
Makassar,Leon,1673,1898,Asia,Latin America,2.28,1.938,0.0352,0.604,7.26,5.322,0.427,-0.177,-0.086,-0.0508,0.002,-1.025
Asuncion,Phnom Penh,3510,2281,Latin America,Asia,2.278,2.135,0.0293,0.546,6.267,8.402,-0.228,0.318,-0.1072,-0.0779,0.157,-0.417
Onitsha,Kigali,1623,1247,Africa,Africa,2.276,2.172,0.021,0.205,7.432,5.26,-0.414,-0.62,-0.0584,-0.0793,0.692,0.052
Dakar,Guayaquil,3429,3142,Africa,Latin America,2.276,0.051,0.0238,0.286,7.52,7.469,0.043,0.329,-0.0635,-0.0873,1.335,-0.906
San Salvador,Nouakchott,1116,1491,Latin America,Africa,2.275,0.275,0.0787,0.111,6.022,5.746,-0.071,-0.182,-0.0599,-0.1386,-0.342,-2.547
Abuja,Bandung,3839,2674,Africa,Asia,2.274,0.39,0.0576,1.114,7.787,8.177,-0.655,0.458,-0.0221,-0.0797,0.395,-1.543
Asuncion,Lusaka,3510,3181,Latin America,Africa,2.265,1.379,0.007,0.261,6.267,4.888,-0.228,-0.489,-0.1072,-0.1002,0.157,-1.602
Antananarivo,Bandung,3872,2674,Africa,Asia,2.264,1.755,0.0819,1.061,6.422,8.177,-0.602,0.458,-0.1616,-0.0797,-0.602,-1.543
Tegucigalpa,Nouakchott,1568,1491,Latin America,Africa,2.264,0.109,0.0459,0.05,5.637,5.746,-0.232,-0.182,-0.0926,-0.1386,-0.314,-2.547
Freetown,Makassar,1309,1673,Africa,Asia,2.263,1.856,0.0414,1.036,5.404,7.26,-0.609,0.427,-0.0446,-0.086,0.777,0.002
Kigali,Makassar,1247,1673,Africa,Asia,2.259,2.0,0.0067,1.047,5.26,7.26,-0.62,0.427,-0.0793,-0.086,0.052,0.002
Davao,Phnom Penh,1949,2281,Asia,Asia,2.256,2.091,0.0062,0.394,6.311,8.402,-0.076,0.318,-0.0842,-0.0779,0.331,-0.417
Dakar,Surabaya,3429,3044,Africa,Asia,2.254,1.122,0.0184,0.592,7.52,6.398,0.043,0.635,-0.0635,-0.0819,1.335,-0.527
Cali,Kano,2863,4348,Latin America,Africa,2.25,1.715,0.021,0.675,7.104,5.39,0.319,-0.356,-0.1247,-0.1457,-0.529,-1.805
Asuncion,Kumasi,3510,3768,Latin America,Africa,2.235,1.334,0.01,0.194,6.267,4.933,-0.228,-0.422,-0.1072,-0.0972,0.157,-1.612
Cairo,Sao Paulo,22183,22619,Africa,Latin America,2.231,1.998,0.144,0.184,11.809,13.807,0.178,-0.006,-0.1131,0.0309,-1.157,-2.03
Maputo,Leon,1162,1898,Africa,Latin America,2.23,1.343,0.0153,0.466,6.665,5.322,-0.643,-0.177,-0.0661,-0.0508,0.672,-1.025
Acapulco,Queretaro,1018,1413,Latin America,Latin America,2.228,2.163,0.0005,0.292,7.131,4.968,-0.507,-0.216,-0.0486,-0.0481,-0.248,-0.685
Accra,Makassar,2660,1673,Africa,Asia,2.223,2.154,0.0171,0.527,5.107,7.26,-0.1,0.427,-0.0689,-0.086,0.121,0.002
Maputo,Queretaro,1162,1413,Africa,Latin America,2.223,1.697,0.018,0.427,6.665,4.968,-0.643,-0.216,-0.0661,-0.0481,0.672,-0.685
Acapulco,Niamey,1018,1437,Latin America,Africa,2.222,1.93,0.0391,0.169,7.131,5.201,-0.507,-0.677,-0.0486,-0.0877,-0.248,-1.325
Mombasa,Lilongwe,1440,1276,Africa,Africa,2.219,1.789,0.0226,0.916,6.435,4.646,0.003,-0.913,-0.0979,-0.0753,0.305,-0.631
Cali,Kampala,2863,3846,Latin America,Africa,2.217,1.874,0.0194,0.732,7.104,5.23,0.319,-0.413,-0.1247,-0.1053,-0.529,-1.46
Mombasa,Palembang,1440,1818,Africa,Asia,2.212,1.276,0.0211,0.001,6.435,5.158,0.003,0.002,-0.0979,-0.0768,0.305,-1.493
Monterrey,Ibadan,5116,3874,Latin America,Africa,2.212,1.977,0.1047,0.151,6.4,4.424,-0.076,-0.226,-0.0314,-0.1361,-1.122,-2.093
Phnom Penh,Semarang,2281,1975,Asia,Asia,2.21,2.192,0.0193,0.102,8.402,6.21,0.318,0.215,-0.0779,-0.0586,-0.417,-0.67
Bandar Lampung,Niamey,1162,1437,Asia,Africa,2.204,1.346,0.0181,0.865,6.547,5.201,0.189,-0.677,-0.0696,-0.0877,0.165,-1.325
Accra,Puebla,2660,3344,Africa,Latin America,2.196,1.157,0.057,0.053,5.107,6.263,-0.1,-0.153,-0.0689,-0.1259,0.121,-1.712
Cali,Palembang,2863,1818,Latin America,Asia,2.195,1.946,0.0479,0.317,7.104,5.158,0.319,0.002,-0.1247,-0.0768,-0.529,-1.493
Chennai,Kolkata,11776,15332,Asia,Asia,2.193,1.897,0.137,0.116,7.369,9.266,-0.005,0.112,-0.1231,-0.26,-0.129,-1.196
Asuncion,Kano,3510,4348,Latin America,Africa,2.19,0.878,0.0384,0.128,6.267,5.39,-0.228,-0.356,-0.1072,-0.1457,0.157,-1.805
Makassar,Denpasar,1673,1053,Asia,Asia,2.19,2.145,0.0454,0.277,7.26,5.116,0.427,0.15,-0.086,-0.0407,0.002,-0.327
Davao,Ouagadougou,1949,3203,Asia,Africa,2.185,1.249,0.0772,0.382,6.311,5.062,-0.076,-0.458,-0.0842,-0.1613,0.331,-1.409
Bandar Lampung,Palembang,1162,1818,Asia,Asia,2.184,1.389,0.0072,0.187,6.547,5.158,0.189,0.002,-0.0696,-0.0768,0.165,-1.493
Asuncion,Medan,3510,2439,Latin America,Asia,2.183,0.095,0.0078,0.685,6.267,6.363,-0.228,0.457,-0.1072,-0.0995,0.157,-1.906
Surabaya,Lusaka,3044,3181,Asia,Africa,2.181,1.51,0.0183,1.124,6.398,4.888,0.635,-0.489,-0.0819,-0.1002,-0.527,-1.602
Acapulco,Bobo-Dioulasso,1018,1128,Latin America,Africa,2.175,1.935,0.0367,0.221,7.131,5.196,-0.507,-0.728,-0.0486,-0.0853,-0.248,-1.205
Semarang,Bandung,1975,2674,Asia,Asia,2.167,1.967,0.0212,0.243,6.21,8.177,0.215,0.458,-0.0586,-0.0797,-0.67,-1.543
Bandar Lampung,Kathmandu,1162,1571,Asia,Asia,2.167,1.01,0.0593,0.479,6.547,7.558,0.189,-0.29,-0.0696,-0.1289,0.165,-1.678
Mombasa,Niamey,1440,1437,Africa,Africa,2.165,1.233,0.0101,0.68,6.435,5.201,0.003,-0.677,-0.0979,-0.0877,0.305,-1.325
Davao,Palembang,1949,1818,Asia,Asia,2.165,1.153,0.0074,0.078,6.311,5.158,-0.076,0.002,-0.0842,-0.0768,0.331,-1.493
San Jose,Kathmandu,1820,1571,Latin America,Asia,2.164,2.025,0.0806,0.224,5.533,7.558,-0.066,-0.29,-0.0483,-0.1289,-0.965,-1.678
Batam,Tegucigalpa,1748,1568,Asia,Latin America,2.163,1.647,0.0704,0.158,7.284,5.637,-0.074,-0.232,-0.0223,-0.0926,1.063,-0.314
Accra,Cali,2660,2863,Africa,Latin America,2.162,1.998,0.0558,0.418,5.107,7.104,-0.1,0.319,-0.0689,-0.1247,0.121,-0.529
Lagos,Karachi,15945,17236,Africa,Asia,2.162,2.076,0.0259,0.107,5.836,7.912,0.126,0.019,-0.1059,-0.0799,0.182,-0.316
Jaipur,Lusaka,4207,3181,Asia,Africa,2.161,1.922,0.0508,0.61,6.81,4.888,0.12,-0.489,-0.1511,-0.1002,-0.831,-1.602
Harare,Medan,1578,2439,Africa,Asia,2.158,0.226,0.0618,1.228,6.589,6.363,-0.77,0.457,-0.0377,-0.0995,-0.156,-1.906
Bandar Lampung,Bobo-Dioulasso,1162,1128,Asia,Africa,2.149,1.351,0.0157,0.917,6.547,5.196,0.189,-0.728,-0.0696,-0.0853,0.165,-1.205
Abuja,Monterrey,3839,5116,Africa,Latin America,2.144,1.386,0.0093,0.58,7.787,6.4,-0.655,-0.076,-0.0221,-0.0314,0.395,-1.122
Santo Domingo,Ibadan,3523,3874,Latin America,Africa,2.134,1.656,0.0323,0.072,6.079,4.424,-0.155,-0.226,-0.1039,-0.1361,-0.751,-2.093
Harare,Phnom Penh,1578,2281,Africa,Asia,2.132,1.813,0.0402,1.088,6.589,8.402,-0.77,0.318,-0.0377,-0.0779,-0.156,-0.417
Bandar Lampung,Cancun,1162,1022,Asia,Latin America,2.131,1.78,0.0343,0.649,6.547,4.767,0.189,-0.46,-0.0696,-0.0353,0.165,-0.788
Abuja,Santo Domingo,3839,3523,Africa,Latin America,2.129,1.708,0.0818,0.501,7.787,6.079,-0.655,-0.155,-0.0221,-0.1039,0.395,-0.751
Freetown,Niamey,1309,1437,Africa,Africa,2.129,0.203,0.0431,0.068,5.404,5.201,-0.609,-0.677,-0.0446,-0.0877,0.777,-1.325
Brazzaville,Phnom Penh,2637,2281,Africa,Asia,2.128,2.04,0.0264,0.533,6.362,8.402,-0.215,0.318,-0.1043,-0.0779,-0.135,-0.417
Acapulco,Denpasar,1018,1053,Latin America,Asia,2.128,2.015,0.008,0.657,7.131,5.116,-0.507,0.15,-0.0486,-0.0407,-0.248,-0.327
Brasilia,Medellin,4873,4102,Latin America,Latin America,2.124,1.642,0.0996,0.518,11.316,9.674,-0.504,0.014,-0.0074,-0.1069,0.97,-0.249
Monrovia,Lilongwe,1678,1276,Africa,Africa,2.124,1.187,0.039,0.714,5.833,4.646,-0.199,-0.913,-0.1143,-0.0753,0.969,-0.631
Guatemala City,Lusaka,3095,3181,Latin America,Africa,2.123,1.799,0.03,0.422,6.687,4.888,-0.067,-0.489,-0.0702,-0.1002,-0.571,-1.602
Manila,Cairo,14667,22183,Asia,Africa,2.123,2.064,0.0045,0.121,9.745,11.809,0.3,0.178,-0.1176,-0.1131,-0.779,-1.157
Mombasa,Phnom Penh,1440,2281,Africa,Asia,2.12,1.968,0.0199,0.315,6.435,8.402,0.003,0.318,-0.0979,-0.0779,0.305,-0.417
Harare,Palembang,1578,1818,Africa,Asia,2.117,1.431,0.039,0.772,6.589,5.158,-0.77,0.002,-0.0377,-0.0768,-0.156,-1.493
Surabaya,Kumasi,3044,3768,Asia,Africa,2.116,1.465,0.0153,1.057,6.398,4.933,0.635,-0.422,-0.0819,-0.0972,-0.527,-1.612
Makassar,Medan,1673,2439,Asia,Asia,2.114,0.898,0.0135,0.03,7.26,6.363,0.427,0.457,-0.086,-0.0995,0.002,-1.906
Abuja,Medellin,3839,4102,Africa,Latin America,2.112,1.887,0.0849,0.669,7.787,9.674,-0.655,0.014,-0.0221,-0.1069,0.395,-0.249
Abuja,Surabaya,3839,3044,Africa,Asia,2.112,1.388,0.0598,1.29,7.787,6.398,-0.655,0.635,-0.0221,-0.0819,0.395,-0.527
Quito,Semarang,1956,1975,Latin America,Asia,2.112,2.01,0.0049,0.507,8.22,6.21,-0.291,0.215,-0.0537,-0.0586,-0.273,-0.67
Brazzaville,Lusaka,2637,3181,Africa,Africa,2.11,1.474,0.0041,0.274,6.362,4.888,-0.215,-0.489,-0.1043,-0.1002,-0.135,-1.602
Jaipur,Kumasi,4207,3768,Asia,Africa,2.105,1.877,0.0538,0.542,6.81,4.933,0.12,-0.422,-0.1511,-0.0972,-0.831,-1.612
Luanda,Ahmedabad,9292,8650,Africa,Asia,2.102,0.333,0.016,0.446,6.547,6.214,-0.561,-0.115,-0.0898,-0.1058,0.568,-1.401
Davao,Lilongwe,1949,1276,Asia,Africa,2.099,1.665,0.0089,0.837,6.311,4.646,-0.076,-0.913,-0.0842,-0.0753,0.331,-0.631
Monrovia,Managua,1678,1094,Africa,Latin America,2.098,1.515,0.0831,0.267,5.833,4.318,-0.199,-0.466,-0.1143,-0.0312,0.969,-0.449
Mombasa,Bobo-Dioulasso,1440,1128,Africa,Africa,2.097,1.238,0.0126,0.732,6.435,5.196,0.003,-0.728,-0.0979,-0.0853,0.305,-1.205
Asuncion,Yaounde,3510,4509,Latin America,Africa,2.096,0.533,0.0876,0.019,6.267,5.735,-0.228,-0.247,-0.1072,-0.1948,0.157,-1.821
Davao,Niamey,1949,1437,Asia,Africa,2.092,1.11,0.0036,0.601,6.311,5.201,-0.076,-0.677,-0.0842,-0.0877,0.331,-1.325
Port-au-Prince,Guayaquil,2987,3142,Latin America,Latin America,2.091,1.923,0.063,0.766,5.546,7.469,-0.437,0.329,-0.1503,-0.0873,-0.621,-0.906
Batam,Bujumbura,1748,1206,Asia,Africa,2.091,1.67,0.092,0.193,7.284,5.615,-0.074,-0.268,-0.0223,-0.1143,1.063,-0.167
Monrovia,Cancun,1678,1022,Africa,Latin America,2.087,1.066,0.079,0.261,5.833,4.767,-0.199,-0.46,-0.1143,-0.0353,0.969,-0.788
Hanoi,Kuala Lumpur,5253,8621,Asia,Asia,2.087,2.04,0.0521,0.251,14.146,12.106,-0.009,-0.26,-0.0445,0.0076,-0.022,-0.365
Dakar,Guatemala City,3429,3095,Africa,Latin America,2.087,0.833,0.0067,0.109,7.52,6.687,0.043,-0.067,-0.0635,-0.0702,1.335,-0.571
Maputo,San Jose,1162,1820,Africa,Latin America,2.08,1.132,0.0178,0.577,6.665,5.533,-0.643,-0.066,-0.0661,-0.0483,0.672,-0.965
Onitsha,Tegucigalpa,1623,1568,Africa,Latin America,2.079,1.795,0.0343,0.182,7.432,5.637,-0.414,-0.232,-0.0584,-0.0926,0.692,-0.314
Nairobi,Pune,5325,7166,Africa,Asia,2.075,1.993,0.0554,0.159,9.556,7.563,-0.287,-0.446,-0.1025,-0.0471,-0.007,-0.48
Guatemala City,Kumasi,3095,3768,Latin America,Africa,2.074,1.754,0.027,0.355,6.687,4.933,-0.067,-0.422,-0.0702,-0.0972,-0.571,-1.612
Brazzaville,Kumasi,2637,3768,Africa,Africa,2.074,1.428,0.007,0.206,6.362,4.933,-0.215,-0.422,-0.1043,-0.0972,-0.135,-1.612
Monrovia,Leon,1678,1898,Africa,Latin America,2.071,0.511,0.0635,0.022,5.833,5.322,-0.199,-0.177,-0.1143,-0.0508,0.969,-1.025
Acapulco,Libreville,1018,869,Latin America,Africa,2.068,2.027,0.011,0.076,7.131,5.104,-0.507,-0.583,-0.0486,-0.0376,-0.248,-0.641
Medan,Ibadan,2439,3874,Asia,Africa,2.067,1.939,0.0366,0.684,6.363,4.424,0.457,-0.226,-0.0995,-0.1361,-1.906,-2.093
Kinshasa,Kolkata,16315,15332,Africa,Asia,2.067,1.755,0.1448,0.026,7.511,9.266,0.138,0.112,-0.4049,-0.26,-0.115,-1.196
Batam,Semarang,1748,1975,Asia,Asia,2.065,1.074,0.0363,0.29,7.284,6.21,-0.074,0.215,-0.0223,-0.0586,1.063,-0.67
Queretaro,Nouakchott,1413,1491,Latin America,Africa,2.063,0.778,0.0905,0.034,4.968,5.746,-0.216,-0.182,-0.0481,-0.1386,-0.685,-2.547
Quito,Surabaya,1956,3044,Latin America,Asia,2.061,1.822,0.0282,0.926,8.22,6.398,-0.291,0.635,-0.0537,-0.0819,-0.273,-0.527
Surabaya,Bandung,3044,2674,Asia,Asia,2.059,1.779,0.0022,0.177,6.398,8.177,0.635,0.458,-0.0819,-0.0797,-0.527,-1.543
Cancun,Nouakchott,1022,1491,Latin America,Africa,2.058,0.979,0.1033,0.278,4.767,5.746,-0.46,-0.182,-0.0353,-0.1386,-0.788,-2.547
Guayaquil,Yaounde,3142,4509,Latin America,Africa,2.058,1.735,0.1075,0.576,7.469,5.735,0.329,-0.247,-0.0873,-0.1948,-0.906,-1.821
San Salvador,Kathmandu,1116,1571,Latin America,Asia,2.057,1.536,0.069,0.219,6.022,7.558,-0.071,-0.29,-0.0599,-0.1289,-0.342,-1.678
Mombasa,Cancun,1440,1022,Africa,Latin America,2.053,1.667,0.0626,0.464,6.435,4.767,0.003,-0.46,-0.0979,-0.0353,0.305,-0.788
Maputo,Libreville,1162,869,Africa,Africa,2.051,1.561,0.0285,0.06,6.665,5.104,-0.643,-0.583,-0.0661,-0.0376,0.672,-0.641
Manila,Jakarta,14667,11248,Asia,Asia,2.051,1.953,0.0244,0.306,9.745,7.792,0.3,0.606,-0.1176,-0.0932,-0.779,-1.311
Pune,Abidjan,7166,5686,Asia,Africa,2.049,1.93,0.0666,0.573,7.563,5.632,-0.446,0.127,-0.0471,-0.1137,-0.48,-0.838
Bogota,Bangalore,11507,13607,Latin America,Asia,2.047,1.563,0.1304,0.049,8.99,7.427,-0.002,0.047,-0.0531,-0.1835,-0.463,-1.762
Freetown,Onitsha,1309,1623,Africa,Africa,2.042,2.028,0.0138,0.195,5.404,7.432,-0.609,-0.414,-0.0446,-0.0584,0.777,0.692
Makassar,San Jose,1673,1820,Asia,Latin America,2.041,1.727,0.0377,0.493,7.26,5.533,0.427,-0.066,-0.086,-0.0483,0.002,-0.965
Kathmandu,Nouakchott,1571,1491,Asia,Africa,2.035,1.812,0.0097,0.108,7.558,5.746,-0.29,-0.182,-0.1289,-0.1386,-1.678,-2.547
Phnom Penh,Surabaya,2281,3044,Asia,Asia,2.033,2.004,0.004,0.317,8.402,6.398,0.318,0.635,-0.0779,-0.0819,-0.417,-0.527
Medellin,Bandung,4102,2674,Latin America,Asia,2.028,1.497,0.0272,0.445,9.674,8.177,0.014,0.458,-0.1069,-0.0797,-0.249,-1.543
Brasilia,Nairobi,4873,5325,Latin America,Africa,2.028,1.76,0.0952,0.218,11.316,9.556,-0.504,-0.287,-0.0074,-0.1025,0.97,-0.007
Onitsha,Bujumbura,1623,1206,Africa,Africa,2.025,1.818,0.0559,0.147,7.432,5.615,-0.414,-0.268,-0.0584,-0.1143,0.692,-0.167
Accra,Kano,2660,4348,Africa,Africa,2.023,0.283,0.0768,0.257,5.107,5.39,-0.1,-0.356,-0.0689,-0.1457,0.121,-1.805
Bandung,Puebla,2674,3344,Asia,Latin America,2.022,1.914,0.0462,0.611,8.177,6.263,0.458,-0.153,-0.0797,-0.1259,-1.543,-1.712
Semarang,Nouakchott,1975,1491,Asia,Africa,2.02,0.464,0.08,0.397,6.21,5.746,0.215,-0.182,-0.0586,-0.1386,-0.67,-2.547
Davao,Quito,1949,1956,Asia,Latin America,2.015,1.909,0.0304,0.215,6.311,8.22,-0.076,-0.291,-0.0842,-0.0537,0.331,-0.273
Freetown,Acapulco,1309,1018,Africa,Latin America,2.014,1.727,0.004,0.102,5.404,7.131,-0.609,-0.507,-0.0446,-0.0486,0.777,-0.248
Freetown,Bobo-Dioulasso,1309,1128,Africa,Africa,2.013,0.208,0.0407,0.119,5.404,5.196,-0.609,-0.728,-0.0446,-0.0853,0.777,-1.205
Harare,Lilongwe,1578,1276,Africa,Africa,2.011,1.943,0.0375,0.143,6.589,4.646,-0.77,-0.913,-0.0377,-0.0753,-0.156,-0.631
Maputo,Denpasar,1162,1053,Africa,Asia,2.01,1.55,0.0254,0.793,6.665,5.116,-0.643,0.15,-0.0661,-0.0407,0.672,-0.327
Aba,Acapulco,1188,1018,Africa,Latin America,2.009,1.983,0.0139,0.312,5.148,7.131,-0.82,-0.507,-0.0625,-0.0486,-0.227,-0.248
Asuncion,Ouagadougou,3510,3203,Latin America,Africa,2.004,1.205,0.0541,0.23,6.267,5.062,-0.228,-0.458,-0.1072,-0.1613,0.157,-1.409
Conakry,Onitsha,2110,1623,Africa,Africa,2.0,1.157,0.0161,0.368,6.275,7.432,-0.046,-0.414,-0.0423,-0.0584,2.281,0.692
Karachi,Lima,17236,11204,Asia,Latin America,1.999,1.746,0.0084,0.002,7.912,9.659,0.019,0.017,-0.0799,-0.0883,-0.316,-1.28
Conakry,Mombasa,2110,1440,Africa,Africa,1.991,0.159,0.0556,0.05,6.275,6.435,-0.046,0.003,-0.0423,-0.0979,2.281,0.305
Johannesburg,Monterrey,6198,5116,Africa,Latin America,1.987,1.736,0.0065,0.366,8.136,6.4,-0.441,-0.076,-0.0379,-0.0314,-0.256,-1.122
Dakar,Phnom Penh,3429,2281,Africa,Asia,1.984,0.882,0.0144,0.275,7.52,8.402,0.043,0.318,-0.0635,-0.0779,1.335,-0.417
Lima,Jakarta,11204,11248,Latin America,Asia,1.982,1.867,0.0049,0.589,9.659,7.792,0.017,0.606,-0.0883,-0.0932,-1.28,-1.311
Cali,Yaounde,2863,4509,Latin America,Africa,1.981,1.37,0.0701,0.566,7.104,5.735,0.319,-0.247,-0.1247,-0.1948,-0.529,-1.821
Accra,Jaipur,2660,4207,Africa,Asia,1.981,1.703,0.0822,0.22,5.107,6.81,-0.1,0.12,-0.0689,-0.1511,0.121,-0.831
Batam,Freetown,1748,1309,Asia,Africa,1.979,1.88,0.0223,0.535,7.284,5.404,-0.074,-0.609,-0.0223,-0.0446,1.063,0.777
Brazzaville,Kano,2637,4348,Africa,Africa,1.973,0.972,0.0414,0.141,6.362,5.39,-0.215,-0.356,-0.1043,-0.1457,-0.135,-1.805
Monrovia,San Jose,1678,1820,Africa,Latin America,1.967,0.3,0.066,0.133,5.833,5.533,-0.199,-0.066,-0.1143,-0.0483,0.969,-0.965
Harare,Cancun,1578,1022,Africa,Latin America,1.962,1.822,0.0024,0.31,6.589,4.767,-0.77,-0.46,-0.0377,-0.0353,-0.156,-0.788
Conakry,Davao,2110,1949,Africa,Asia,1.96,0.036,0.0419,0.03,6.275,6.311,-0.046,-0.076,-0.0423,-0.0842,2.281,0.331
Chennai,Hyderabad,11776,10801,Asia,Asia,1.958,1.374,0.0136,0.075,7.369,8.743,-0.005,-0.08,-0.1231,-0.1094,-0.129,-1.507
Surabaya,Ouagadougou,3044,3203,Asia,Africa,1.952,1.336,0.0794,1.094,6.398,5.062,0.635,-0.458,-0.0819,-0.1613,-0.527,-1.409
Ho Chi Minh City,Hyderabad,9320,10801,Asia,Asia,1.948,1.74,0.0173,0.348,10.483,8.743,0.269,-0.08,-0.0922,-0.1094,-0.757,-1.507
Dakar,Cali,3429,2863,Africa,Latin America,1.947,0.416,0.0612,0.276,7.52,7.104,0.043,0.319,-0.0635,-0.1247,1.335,-0.529
Kolkata,Bangalore,15332,13607,Asia,Asia,1.944,1.838,0.0765,0.065,9.266,7.427,0.112,0.047,-0.26,-0.1835,-1.196,-1.762
Surabaya,Kano,3044,4348,Asia,Africa,1.943,1.009,0.0637,0.991,6.398,5.39,0.635,-0.356,-0.0819,-0.1457,-0.527,-1.805
Onitsha,Semarang,1623,1975,Africa,Asia,1.943,1.222,0.0002,0.63,7.432,6.21,-0.414,0.215,-0.0584,-0.0586,0.692,-0.67
Bujumbura,Bangui,1206,958,Africa,Africa,1.941,1.614,0.0161,0.664,5.615,4.0,-0.268,-0.931,-0.1143,-0.1304,-0.167,-1.011
Asuncion,Kampala,3510,3846,Latin America,Africa,1.937,1.037,0.002,0.185,6.267,5.23,-0.228,-0.413,-0.1072,-0.1053,0.157,-1.46
Jaipur,Ouagadougou,4207,3203,Asia,Africa,1.931,1.748,0.0103,0.579,6.81,5.062,0.12,-0.458,-0.1511,-0.1613,-0.831,-1.409
Lilongwe,Semarang,1276,1975,Africa,Asia,1.93,1.564,0.0167,1.129,4.646,6.21,-0.913,0.215,-0.0753,-0.0586,-0.631,-0.67
Cali,Leon,2863,1898,Latin America,Latin America,1.917,1.782,0.0739,0.496,7.104,5.322,0.319,-0.177,-0.1247,-0.0508,-0.529,-1.025
Chennai,Bangkok,11776,11069,Asia,Asia,1.917,1.537,0.092,0.097,7.369,8.906,-0.005,-0.101,-0.1231,-0.0311,-0.129,-1.263
Karachi,Manila,17236,14667,Asia,Asia,1.913,1.832,0.0377,0.281,7.912,9.745,0.019,0.3,-0.0799,-0.1176,-0.316,-0.779
Tegucigalpa,Bangui,1568,958,Latin America,Africa,1.912,1.637,0.0378,0.699,5.637,4.0,-0.232,-0.931,-0.0926,-0.1304,-0.314,-1.011
Kuala Lumpur,Belo Horizonte,8621,6247,Asia,Latin America,1.909,1.633,0.0955,0.306,12.106,10.473,-0.26,0.046,0.0076,-0.0879,-0.365,-1.284
Dar es Salaam,Pune,7775,7166,Africa,Asia,1.907,1.746,0.1352,0.237,5.817,7.563,-0.208,-0.446,-0.1823,-0.0471,0.182,-0.48
Kigali,Acapulco,1247,1018,Africa,Latin America,1.904,1.871,0.0307,0.112,5.26,7.131,-0.62,-0.507,-0.0793,-0.0486,0.052,-0.248
Mombasa,Quito,1440,1956,Africa,Latin America,1.901,1.786,0.0442,0.295,6.435,8.22,0.003,-0.291,-0.0979,-0.0537,0.305,-0.273
Brazzaville,Medan,2637,2439,Africa,Asia,1.9,0.001,0.0048,0.673,6.362,6.363,-0.215,0.457,-0.1043,-0.0995,-0.135,-1.906
Kinshasa,Hyderabad,16315,10801,Africa,Asia,1.9,1.232,0.2954,0.217,7.511,8.743,0.138,-0.08,-0.4049,-0.1094,-0.115,-1.507
Batam,Phnom Penh,1748,2281,Asia,Asia,1.9,1.118,0.0556,0.392,7.284,8.402,-0.074,0.318,-0.0223,-0.0779,1.063,-0.417
Kolkata,Mexico City,15332,22281,Asia,Latin America,1.896,1.775,0.1052,0.066,9.266,7.49,0.112,0.178,-0.26,-0.1548,-1.196,-1.839
Batam,San Salvador,1748,1116,Asia,Latin America,1.894,1.263,0.0376,0.003,7.284,6.022,-0.074,-0.071,-0.0223,-0.0599,1.063,-0.342
Dakar,Brazzaville,3429,2637,Africa,Africa,1.891,1.158,0.0408,0.258,7.52,6.362,0.043,-0.215,-0.0635,-0.1043,1.335,-0.135
Asuncion,Puebla,3510,3344,Latin America,Latin America,1.888,0.004,0.0186,0.075,6.267,6.263,-0.228,-0.153,-0.1072,-0.1259,0.157,-1.712
Tegucigalpa,Medan,1568,2439,Latin America,Asia,1.881,0.726,0.0068,0.69,5.637,6.363,-0.232,0.457,-0.0926,-0.0995,-0.314,-1.906
Puebla,Ibadan,3344,3874,Latin America,Africa,1.88,1.84,0.0103,0.074,6.263,4.424,-0.153,-0.226,-0.1259,-0.1361,-1.712,-2.093
Harare,Kathmandu,1578,1571,Africa,Asia,1.879,0.969,0.0911,0.48,6.589,7.558,-0.77,-0.29,-0.0377,-0.1289,-0.156,-1.678
Guatemala City,Ouagadougou,3095,3203,Latin America,Africa,1.877,1.625,0.0911,0.392,6.687,5.062,-0.067,-0.458,-0.0702,-0.1613,-0.571,-1.409
Kinshasa,Bangkok,16315,11069,Africa,Asia,1.874,1.395,0.3738,0.239,7.511,8.906,0.138,-0.101,-0.4049,-0.0311,-0.115,-1.263
Antananarivo,Guadalajara,3872,5419,Africa,Latin America,1.873,0.902,0.0457,0.75,6.422,5.52,-0.602,0.147,-0.1616,-0.1159,-0.602,-2.06
Monrovia,Queretaro,1678,1413,Africa,Latin America,1.873,0.865,0.0662,0.017,5.833,4.968,-0.199,-0.216,-0.1143,-0.0481,0.969,-0.685
Addis Ababa,Ibadan,5460,3874,Africa,Africa,1.87,1.652,0.029,0.011,6.075,4.424,-0.215,-0.226,-0.1071,-0.1361,-1.217,-2.093
Surat,Hyderabad,8064,10801,Asia,Asia,1.867,1.565,0.0072,0.125,10.308,8.743,0.046,-0.08,-0.1023,-0.1094,-0.497,-1.507
Brazzaville,Quito,2637,1956,Africa,Latin America,1.866,1.858,0.0506,0.076,6.362,8.22,-0.215,-0.291,-0.1043,-0.0537,-0.135,-0.273
Port-au-Prince,Ibadan,2987,3874,Latin America,Africa,1.865,1.122,0.0142,0.211,5.546,4.424,-0.437,-0.226,-0.1503,-0.1361,-0.621,-2.093
Freetown,Leon,1309,1898,Africa,Latin America,1.862,0.082,0.0062,0.432,5.404,5.322,-0.609,-0.177,-0.0446,-0.0508,0.777,-1.025
Makassar,Kathmandu,1673,1571,Asia,Asia,1.858,0.297,0.0428,0.717,7.26,7.558,0.427,-0.29,-0.086,-0.1289,0.002,-1.678
Kuala Lumpur,Surat,8621,8064,Asia,Asia,1.856,1.798,0.1098,0.305,12.106,10.308,-0.26,0.046,0.0076,-0.1023,-0.365,-0.497
Guatemala City,Bandung,3095,2674,Latin America,Asia,1.855,1.49,0.0095,0.525,6.687,8.177,-0.067,0.458,-0.0702,-0.0797,-0.571,-1.543
Abuja,Nairobi,3839,5325,Africa,Africa,1.854,1.769,0.0804,0.369,7.787,9.556,-0.655,-0.287,-0.0221,-0.1025,0.395,-0.007
Freetown,Semarang,1309,1975,Africa,Asia,1.852,0.806,0.014,0.825,5.404,6.21,-0.609,0.215,-0.0446,-0.0586,0.777,-0.67
Bandung,Medan,2674,2439,Asia,Asia,1.852,1.815,0.0198,0.001,8.177,6.363,0.458,0.457,-0.0797,-0.0995,-1.543,-1.906
Brazzaville,Ouagadougou,2637,3203,Africa,Africa,1.849,1.3,0.057,0.243,6.362,5.062,-0.215,-0.458,-0.1043,-0.1613,-0.135,-1.409
Bandar Lampung,Queretaro,1162,1413,Asia,Latin America,1.842,1.579,0.0215,0.404,6.547,4.968,0.189,-0.216,-0.0696,-0.0481,0.165,-0.685
Guatemala City,Kano,3095,4348,Latin America,Africa,1.84,1.298,0.0754,0.289,6.687,5.39,-0.067,-0.356,-0.0702,-0.1457,-0.571,-1.805
Dhaka,Cairo,23209,22183,Asia,Africa,1.839,1.62,0.0583,0.366,10.189,11.809,-0.188,0.178,-0.1714,-0.1131,-0.427,-1.157
Brazzaville,Palembang,2637,1818,Africa,Asia,1.837,1.204,0.0275,0.217,6.362,5.158,-0.215,0.002,-0.1043,-0.0768,-0.135,-1.493
Harare,Niamey,1578,1437,Africa,Africa,1.837,1.388,0.05,0.094,6.589,5.201,-0.77,-0.677,-0.0377,-0.0877,-0.156,-1.325
Monrovia,Makassar,1678,1673,Africa,Asia,1.836,1.427,0.0283,0.626,5.833,7.26,-0.199,0.427,-0.1143,-0.086,0.969,0.002
Antananarivo,Lusaka,3872,3181,Africa,Africa,1.835,1.534,0.0614,0.113,6.422,4.888,-0.602,-0.489,-0.1616,-0.1002,-0.602,-1.602
Conakry,Freetown,2110,1309,Africa,Africa,1.831,0.871,0.0023,0.563,6.275,5.404,-0.046,-0.609,-0.0423,-0.0446,2.281,0.777
Surabaya,Kampala,3044,3846,Asia,Africa,1.831,1.168,0.0234,1.048,6.398,5.23,0.635,-0.413,-0.0819,-0.1053,-0.527,-1.46
Freetown,San Jose,1309,1820,Africa,Latin America,1.831,0.129,0.0037,0.543,5.404,5.533,-0.609,-0.066,-0.0446,-0.0483,0.777,-0.965
Bandar Lampung,Libreville,1162,869,Asia,Africa,1.828,1.444,0.032,0.772,6.547,5.104,0.189,-0.583,-0.0696,-0.0376,0.165,-0.641
Luanda,Abidjan,9292,5686,Africa,Africa,1.826,0.915,0.0239,0.689,6.547,5.632,-0.561,0.127,-0.0898,-0.1137,0.568,-0.838
Monrovia,Acapulco,1678,1018,Africa,Latin America,1.815,1.298,0.0657,0.308,5.833,7.131,-0.199,-0.507,-0.1143,-0.0486,0.969,-0.248
Accra,Lusaka,2660,3181,Africa,Africa,1.813,0.219,0.0313,0.39,5.107,4.888,-0.1,-0.489,-0.0689,-0.1002,0.121,-1.602
Antananarivo,Kumasi,3872,3768,Africa,Africa,1.81,1.489,0.0644,0.181,6.422,4.933,-0.602,-0.422,-0.1616,-0.0972,-0.602,-1.612
Jaipur,Kano,4207,4348,Asia,Africa,1.802,1.42,0.0054,0.477,6.81,5.39,0.12,-0.356,-0.1511,-0.1457,-0.831,-1.805
Makassar,Bandung,1673,2674,Asia,Asia,1.799,0.917,0.0063,0.031,7.26,8.177,0.427,0.458,-0.086,-0.0797,0.002,-1.543
Luanda,Johannesburg,9292,6198,Africa,Africa,1.798,1.589,0.0519,0.12,6.547,8.136,-0.561,-0.441,-0.0898,-0.0379,0.568,-0.256
Harare,Queretaro,1578,1413,Africa,Latin America,1.797,1.621,0.0104,0.554,6.589,4.968,-0.77,-0.216,-0.0377,-0.0481,-0.156,-0.685
Accra,Kumasi,2660,3768,Africa,Africa,1.797,0.173,0.0283,0.322,5.107,4.933,-0.1,-0.422,-0.0689,-0.0972,0.121,-1.612
Makassar,Bujumbura,1673,1206,Asia,Africa,1.796,1.645,0.0283,0.695,7.26,5.615,0.427,-0.268,-0.086,-0.1143,0.002,-0.167
Johannesburg,Antananarivo,6198,3872,Africa,Africa,1.792,1.714,0.1237,0.161,8.136,6.422,-0.441,-0.602,-0.0379,-0.1616,-0.256,-0.602
Jaipur,Guadalajara,4207,5419,Asia,Latin America,1.791,1.29,0.0352,0.027,6.81,5.52,0.12,0.147,-0.1511,-0.1159,-0.831,-2.06
Onitsha,San Salvador,1623,1116,Africa,Latin America,1.787,1.411,0.0015,0.343,7.432,6.022,-0.414,-0.071,-0.0584,-0.0599,0.692,-0.342
Mombasa,Queretaro,1440,1413,Africa,Latin America,1.785,1.467,0.0498,0.219,6.435,4.968,0.003,-0.216,-0.0979,-0.0481,0.305,-0.685
Makassar,Tegucigalpa,1673,1568,Asia,Latin America,1.784,1.623,0.0066,0.659,7.26,5.637,0.427,-0.232,-0.086,-0.0926,0.002,-0.314
Jaipur,Kampala,4207,3846,Asia,Africa,1.783,1.58,0.0458,0.534,6.81,5.23,0.12,-0.413,-0.1511,-0.1053,-0.831,-1.46
Jakarta,Ahmedabad,11248,8650,Asia,Asia,1.781,1.577,0.0126,0.721,7.792,6.214,0.606,-0.115,-0.0932,-0.1058,-1.311,-1.401
Lusaka,Medan,3181,2439,Africa,Asia,1.781,1.475,0.0007,0.946,4.888,6.363,-0.489,0.457,-0.1002,-0.0995,-1.602,-1.906
Abidjan,Ibadan,5686,3874,Africa,Africa,1.778,1.209,0.0224,0.353,5.632,4.424,0.127,-0.226,-0.1137,-0.1361,-0.838,-2.093
Maputo,Aba,1162,1188,Africa,Africa,1.777,1.517,0.0036,0.176,6.665,5.148,-0.643,-0.82,-0.0661,-0.0625,0.672,-0.227
Semarang,Lusaka,1975,3181,Asia,Africa,1.776,1.322,0.0417,0.705,6.21,4.888,0.215,-0.489,-0.0586,-0.1002,-0.67,-1.602
Bandar Lampung,Aba,1162,1188,Asia,Africa,1.769,1.399,0.0071,1.008,6.547,5.148,0.189,-0.82,-0.0696,-0.0625,0.165,-0.227
Port-au-Prince,Medan,2987,2439,Latin America,Asia,1.767,0.817,0.0508,0.895,5.546,6.363,-0.437,0.457,-0.1503,-0.0995,-0.621,-1.906
Abuja,Jaipur,3839,4207,Africa,Asia,1.766,0.977,0.129,0.776,7.787,6.81,-0.655,0.12,-0.0221,-0.1511,0.395,-0.831
Phnom Penh,Guatemala City,2281,3095,Asia,Latin America,1.765,1.715,0.0077,0.384,8.402,6.687,0.318,-0.067,-0.0779,-0.0702,-0.417,-0.571
Harare,Bobo-Dioulasso,1578,1128,Africa,Africa,1.764,1.393,0.0475,0.042,6.589,5.196,-0.77,-0.728,-0.0377,-0.0853,-0.156,-1.205
Semarang,Kathmandu,1975,1571,Asia,Asia,1.764,1.348,0.0703,0.505,6.21,7.558,0.215,-0.29,-0.0586,-0.1289,-0.67,-1.678
Chennai,Ahmedabad,11776,8650,Asia,Asia,1.762,1.155,0.0173,0.11,7.369,6.214,-0.005,-0.115,-0.1231,-0.1058,-0.129,-1.401
Brazzaville,Kampala,2637,3846,Africa,Africa,1.759,1.132,0.001,0.198,6.362,5.23,-0.215,-0.413,-0.1043,-0.1053,-0.135,-1.46
Bandar Lampung,Leon,1162,1898,Asia,Latin America,1.757,1.225,0.0188,0.365,6.547,5.322,0.189,-0.177,-0.0696,-0.0508,0.165,-1.025
Lagos,Kinshasa,15945,16315,Africa,Africa,1.756,1.675,0.299,0.011,5.836,7.511,0.126,0.138,-0.1059,-0.4049,0.182,-0.115
Kuala Lumpur,Ho Chi Minh City,8621,9320,Asia,Asia,1.755,1.623,0.0997,0.529,12.106,10.483,-0.26,0.269,0.0076,-0.0922,-0.365,-0.757
Surabaya,Yaounde,3044,4509,Asia,Africa,1.754,0.664,0.1129,0.882,6.398,5.735,0.635,-0.247,-0.0819,-0.1948,-0.527,-1.821
San Salvador,Managua,1116,1094,Latin America,Latin America,1.753,1.704,0.0287,0.395,6.022,4.318,-0.071,-0.466,-0.0599,-0.0312,-0.342,-0.449
Davao,Guayaquil,1949,3142,Asia,Latin America,1.751,1.158,0.0032,0.405,6.311,7.469,-0.076,0.329,-0.0842,-0.0873,0.331,-0.906
Mombasa,Leon,1440,1898,Africa,Latin America,1.749,1.113,0.0471,0.18,6.435,5.322,0.003,-0.177,-0.0979,-0.0508,0.305,-1.025
Salvador,Belo Horizonte,3958,6247,Latin America,Latin America,1.749,0.478,0.0118,0.155,10.951,10.473,0.201,0.046,-0.0761,-0.0879,0.384,-1.284
Harare,Denpasar,1578,1053,Africa,Asia,1.748,1.474,0.0029,0.92,6.589,5.116,-0.77,0.15,-0.0377,-0.0407,-0.156,-0.327
Kinshasa,Mexico City,16315,22281,Africa,Latin America,1.746,0.02,0.25,0.04,7.511,7.49,0.138,0.178,-0.4049,-0.1548,-0.115,-1.839
Guatemala City,Kampala,3095,3846,Latin America,Africa,1.743,1.457,0.035,0.346,6.687,5.23,-0.067,-0.413,-0.0702,-0.1053,-0.571,-1.46
Dakar,Asuncion,3429,3510,Africa,Latin America,1.742,1.253,0.0437,0.271,7.52,6.267,0.043,-0.228,-0.0635,-0.1072,1.335,0.157
Monrovia,Semarang,1678,1975,Africa,Asia,1.738,0.377,0.0558,0.414,5.833,6.21,-0.199,0.215,-0.1143,-0.0586,0.969,-0.67
Accra,Guatemala City,2660,3095,Africa,Latin America,1.735,1.581,0.0013,0.033,5.107,6.687,-0.1,-0.067,-0.0689,-0.0702,0.121,-0.571
Cali,Port-au-Prince,2863,2987,Latin America,Latin America,1.735,1.558,0.0256,0.756,7.104,5.546,0.319,-0.437,-0.1247,-0.1503,-0.529,-0.621
Abuja,Antananarivo,3839,3872,Africa,Africa,1.723,1.365,0.1395,0.053,7.787,6.422,-0.655,-0.602,-0.0221,-0.1616,0.395,-0.602
Dar es Salaam,Ahmedabad,7775,8650,Africa,Asia,1.719,0.397,0.0765,0.093,5.817,6.214,-0.208,-0.115,-0.1823,-0.1058,0.182,-1.401
Asuncion,Guayaquil,3510,3142,Latin America,Latin America,1.714,1.202,0.0199,0.557,6.267,7.469,-0.228,0.329,-0.1072,-0.0873,0.157,-0.906
Denpasar,Bangui,1053,958,Asia,Africa,1.713,1.115,0.0898,1.081,5.116,4.0,0.15,-0.931,-0.0407,-0.1304,-0.327,-1.011
Freetown,Cancun,1309,1022,Africa,Latin America,1.706,0.637,0.0093,0.149,5.404,4.767,-0.609,-0.46,-0.0446,-0.0353,0.777,-0.788
Harare,Quito,1578,1956,Africa,Latin America,1.704,1.631,0.016,0.479,6.589,8.22,-0.77,-0.291,-0.0377,-0.0537,-0.156,-0.273
Kumasi,Medan,3768,2439,Africa,Asia,1.704,1.429,0.0023,0.879,4.933,6.363,-0.422,0.457,-0.0972,-0.0995,-1.612,-1.906
Ho Chi Minh City,Bangkok,9320,11069,Asia,Asia,1.699,1.577,0.0611,0.37,10.483,8.906,0.269,-0.101,-0.0922,-0.0311,-0.757,-1.263
Davao,Queretaro,1949,1413,Asia,Latin America,1.691,1.343,0.0361,0.14,6.311,4.968,-0.076,-0.216,-0.0842,-0.0481,0.331,-0.685
Pune,Ahmedabad,7166,8650,Asia,Asia,1.69,1.348,0.0587,0.331,7.563,6.214,-0.446,-0.115,-0.0471,-0.1058,-0.48,-1.401
Kigali,Bangui,1247,958,Africa,Africa,1.69,1.26,0.0511,0.311,5.26,4.0,-0.62,-0.931,-0.0793,-0.1304,0.052,-1.011
Kinshasa,Bangalore,16315,13607,Africa,Asia,1.688,0.083,0.2214,0.091,7.511,7.427,0.138,0.047,-0.4049,-0.1835,-0.115,-1.762
Antananarivo,Medan,3872,2439,Africa,Asia,1.686,0.059,0.0621,1.06,6.422,6.363,-0.602,0.457,-0.1616,-0.0995,-0.602,-1.906
Kigali,Palembang,1247,1818,Africa,Asia,1.685,0.102,0.0025,0.621,5.26,5.158,-0.62,0.002,-0.0793,-0.0768,0.052,-1.493
Davao,Leon,1949,1898,Asia,Latin America,1.685,0.989,0.0334,0.101,6.311,5.322,-0.076,-0.177,-0.0842,-0.0508,0.331,-1.025
Cali,San Jose,2863,1820,Latin America,Latin America,1.682,1.571,0.0764,0.385,7.104,5.533,0.319,-0.066,-0.1247,-0.0483,-0.529,-0.965
Pune,Addis Ababa,7166,5460,Asia,Africa,1.681,1.487,0.06,0.231,7.563,6.075,-0.446,-0.215,-0.0471,-0.1071,-0.48,-1.217
Abuja,Guayaquil,3839,3142,Africa,Latin America,1.68,0.318,0.0652,0.984,7.787,7.469,-0.655,0.329,-0.0221,-0.0873,0.395,-0.906
Batam,Cali,1748,2863,Asia,Latin America,1.675,0.18,0.1024,0.393,7.284,7.104,-0.074,0.319,-0.0223,-0.1247,1.063,-0.529
Chennai,Bangalore,11776,13607,Asia,Asia,1.671,0.058,0.0604,0.052,7.369,7.427,-0.005,0.047,-0.1231,-0.1835,-0.129,-1.762
Ouagadougou,Medan,3203,2439,Africa,Asia,1.669,1.301,0.0618,0.916,5.062,6.363,-0.458,0.457,-0.1613,-0.0995,-1.409,-1.906
Chennai,Bogota,11776,11507,Asia,Latin America,1.663,1.621,0.07,0.003,7.369,8.99,-0.005,-0.002,-0.1231,-0.0531,-0.129,-0.463
Harare,Leon,1578,1898,Africa,Latin America,1.656,1.267,0.013,0.593,6.589,5.322,-0.77,-0.177,-0.0377,-0.0508,-0.156,-1.025
San Jose,Nouakchott,1820,1491,Latin America,Africa,1.656,0.213,0.0903,0.116,5.533,5.746,-0.066,-0.182,-0.0483,-0.1386,-0.965,-2.547
Onitsha,Phnom Penh,1623,2281,Africa,Asia,1.652,0.97,0.0195,0.732,7.432,8.402,-0.414,0.318,-0.0584,-0.0779,0.692,-0.417
Batam,Quito,1748,1956,Asia,Latin America,1.648,0.936,0.0314,0.217,7.284,8.22,-0.074,-0.291,-0.0223,-0.0537,1.063,-0.273
Freetown,Managua,1309,1094,Africa,Latin America,1.646,1.086,0.0134,0.143,5.404,4.318,-0.609,-0.466,-0.0446,-0.0312,0.777,-0.449
Monterrey,Lusaka,5116,3181,Latin America,Africa,1.644,1.512,0.0688,0.414,6.4,4.888,-0.076,-0.489,-0.0314,-0.1002,-1.122,-1.602
Accra,Palembang,2660,1818,Africa,Asia,1.644,0.052,0.0079,0.101,5.107,5.158,-0.1,0.002,-0.0689,-0.0768,0.121,-1.493
San Salvador,Lilongwe,1116,1276,Latin America,Africa,1.642,1.376,0.0154,0.842,6.022,4.646,-0.071,-0.913,-0.0599,-0.0753,-0.342,-0.631
Phnom Penh,Kathmandu,2281,1571,Asia,Asia,1.641,0.844,0.0509,0.608,8.402,7.558,0.318,-0.29,-0.0779,-0.1289,-0.417,-1.678
Surat,Bangkok,8064,11069,Asia,Asia,1.641,1.403,0.0712,0.147,10.308,8.906,0.046,-0.101,-0.1023,-0.0311,-0.497,-1.263
Monrovia,Onitsha,1678,1623,Africa,Africa,1.639,1.599,0.056,0.215,5.833,7.432,-0.199,-0.414,-0.1143,-0.0584,0.969,0.692
Bangkok,Bangalore,11069,13607,Asia,Asia,1.639,1.478,0.1524,0.148,8.906,7.427,-0.101,0.047,-0.0311,-0.1835,-1.263,-1.762
Accra,Kampala,2660,3846,Africa,Africa,1.636,0.124,0.0364,0.314,5.107,5.23,-0.1,-0.413,-0.0689,-0.1053,0.121,-1.46
Freetown,Lilongwe,1309,1276,Africa,Africa,1.632,0.758,0.0307,0.304,5.404,4.646,-0.609,-0.913,-0.0446,-0.0753,0.777,-0.631
Karachi,Kolkata,17236,15332,Asia,Asia,1.629,1.353,0.1801,0.093,7.912,9.266,0.019,0.112,-0.0799,-0.26,-0.316,-1.196
Accra,Antananarivo,2660,3872,Africa,Africa,1.627,1.315,0.0927,0.503,5.107,6.422,-0.1,-0.602,-0.0689,-0.1616,0.121,-0.602
Accra,Surabaya,2660,3044,Africa,Asia,1.625,1.292,0.013,0.735,5.107,6.398,-0.1,0.635,-0.0689,-0.0819,0.121,-0.527
Guatemala City,Yaounde,3095,4509,Latin America,Africa,1.623,0.953,0.1246,0.18,6.687,5.735,-0.067,-0.247,-0.0702,-0.1948,-0.571,-1.821
Nairobi,Belo Horizonte,5325,6247,Africa,Latin America,1.623,0.917,0.0146,0.332,9.556,10.473,-0.287,0.046,-0.1025,-0.0879,-0.007,-1.284
Pune,Hyderabad,7166,10801,Asia,Asia,1.62,1.181,0.0624,0.366,7.563,8.743,-0.446,-0.08,-0.0471,-0.1094,-0.48,-1.507
Medellin,Johannesburg,4102,6198,Latin America,Africa,1.618,1.538,0.0691,0.455,9.674,8.136,0.014,-0.441,-0.1069,-0.0379,-0.249,-0.256
Mombasa,Aba,1440,1188,Africa,Africa,1.618,1.286,0.0353,0.823,6.435,5.148,0.003,-0.82,-0.0979,-0.0625,0.305,-0.227
Leon,Nouakchott,1898,1491,Latin America,Africa,1.615,0.424,0.0878,0.005,5.322,5.746,-0.177,-0.182,-0.0508,-0.1386,-1.025,-2.547
Pune,Bangkok,7166,11069,Asia,Asia,1.615,1.343,0.016,0.344,7.563,8.906,-0.446,-0.101,-0.0471,-0.0311,-0.48,-1.263
Antananarivo,Kano,3872,4348,Africa,Africa,1.609,1.032,0.0159,0.246,6.422,5.39,-0.602,-0.356,-0.1616,-0.1457,-0.602,-1.805
Accra,Ouagadougou,2660,3203,Africa,Africa,1.607,0.045,0.0924,0.359,5.107,5.062,-0.1,-0.458,-0.0689,-0.1613,0.121,-1.409
Dar es Salaam,Chennai,7775,11776,Africa,Asia,1.605,1.552,0.0592,0.204,5.817,7.369,-0.208,-0.005,-0.1823,-0.1231,0.182,-0.129
Abuja,Asuncion,3839,3510,Africa,Latin America,1.601,1.52,0.0852,0.427,7.787,6.267,-0.655,-0.228,-0.0221,-0.1072,0.395,0.157
Bogota,Jakarta,11507,11248,Latin America,Asia,1.599,1.199,0.0402,0.608,8.99,7.792,-0.002,0.606,-0.0531,-0.0932,-0.463,-1.311
Brazzaville,Puebla,2637,3344,Africa,Latin America,1.599,0.099,0.0216,0.063,6.362,6.263,-0.215,-0.153,-0.1043,-0.1259,-0.135,-1.712
Karachi,Mexico City,17236,22281,Asia,Latin America,1.592,0.422,0.0749,0.159,7.912,7.49,0.019,0.178,-0.0799,-0.1548,-0.316,-1.839
Abuja,Brazzaville,3839,2637,Africa,Africa,1.589,1.425,0.0822,0.44,7.787,6.362,-0.655,-0.215,-0.0221,-0.1043,0.395,-0.135
Antananarivo,Ouagadougou,3872,3203,Africa,Africa,1.589,1.36,0.0003,0.144,6.422,5.062,-0.602,-0.458,-0.1616,-0.1613,-0.602,-1.409
Kolkata,Jakarta,15332,11248,Asia,Asia,1.588,1.474,0.1668,0.494,9.266,7.792,0.112,0.606,-0.26,-0.0932,-1.196,-1.311
Conakry,Batam,2110,1748,Africa,Asia,1.588,1.009,0.02,0.028,6.275,7.284,-0.046,-0.074,-0.0423,-0.0223,2.281,1.063
Monterrey,Kumasi,5116,3768,Latin America,Africa,1.587,1.467,0.0658,0.346,6.4,4.933,-0.076,-0.422,-0.0314,-0.0972,-1.122,-1.612
Abuja,Guatemala City,3839,3095,Africa,Latin America,1.584,1.1,0.0482,0.588,7.787,6.687,-0.655,-0.067,-0.0221,-0.0702,0.395,-0.571
Jaipur,Bandung,4207,2674,Asia,Asia,1.581,1.367,0.0713,0.338,6.81,8.177,0.12,0.458,-0.1511,-0.0797,-0.831,-1.543
Quito,Guatemala City,1956,3095,Latin America,Latin America,1.58,1.533,0.0165,0.225,8.22,6.687,-0.291,-0.067,-0.0537,-0.0702,-0.273,-0.571
Lagos,Chennai,15945,11776,Africa,Asia,1.58,1.533,0.0172,0.131,5.836,7.369,0.126,-0.005,-0.1059,-0.1231,0.182,-0.129
Freetown,Queretaro,1309,1413,Africa,Latin America,1.578,0.436,0.0035,0.393,5.404,4.968,-0.609,-0.216,-0.0446,-0.0481,0.777,-0.685
Johannesburg,Jaipur,6198,4207,Africa,Asia,1.572,1.326,0.1132,0.562,8.136,6.81,-0.441,0.12,-0.0379,-0.1511,-0.256,-0.831
Cali,Medan,2863,2439,Latin America,Asia,1.571,0.742,0.0252,0.138,7.104,6.363,0.319,0.457,-0.1247,-0.0995,-0.529,-1.906
Conakry,Dakar,2110,3429,Africa,Africa,1.569,1.245,0.0212,0.089,6.275,7.52,-0.046,0.043,-0.0423,-0.0635,2.281,1.335
Kinshasa,Bogota,16315,11507,Africa,Latin America,1.569,1.48,0.3518,0.14,7.511,8.99,0.138,-0.002,-0.4049,-0.0531,-0.115,-0.463
Bobo-Dioulasso,Nouakchott,1128,1491,Africa,Africa,1.569,0.55,0.0533,0.546,5.196,5.746,-0.728,-0.182,-0.0853,-0.1386,-1.205,-2.547
Batam,Harare,1748,1578,Asia,Africa,1.567,0.695,0.0155,0.696,7.284,6.589,-0.074,-0.77,-0.0223,-0.0377,1.063,-0.156
Quito,Kathmandu,1956,1571,Latin America,Asia,1.564,0.662,0.0751,0.001,8.22,7.558,-0.291,-0.29,-0.0537,-0.1289,-0.273,-1.678
Bogota,Ho Chi Minh City,11507,9320,Latin America,Asia,1.562,1.493,0.0391,0.271,8.99,10.483,-0.002,0.269,-0.0531,-0.0922,-0.463,-0.757
Mombasa,San Jose,1440,1820,Africa,Latin America,1.56,0.901,0.0496,0.069,6.435,5.533,0.003,-0.066,-0.0979,-0.0483,0.305,-0.965
Constantine,Windhoek,417,477,Africa,Africa,1.554,0.362,0.0288,0.086,7.286,6.924,-0.605,-0.518,-0.0078,-0.0366,0.921,-0.574
Karachi,Bangalore,17236,13607,Asia,Asia,1.546,0.485,0.1036,0.028,7.912,7.427,0.019,0.047,-0.0799,-0.1835,-0.316,-1.762
Bandar Lampung,San Jose,1162,1820,Asia,Latin America,1.542,1.014,0.0213,0.254,6.547,5.533,0.189,-0.066,-0.0696,-0.0483,0.165,-0.965
Maputo,Kigali,1162,1247,Africa,Africa,1.54,1.405,0.0133,0.023,6.665,5.26,-0.643,-0.62,-0.0661,-0.0793,0.672,0.052
Bujumbura,Acapulco,1206,1018,Africa,Latin America,1.539,1.516,0.0657,0.24,5.615,7.131,-0.268,-0.507,-0.1143,-0.0486,-0.167,-0.248
Semarang,Ouagadougou,1975,3203,Asia,Africa,1.536,1.148,0.1027,0.674,6.21,5.062,0.215,-0.458,-0.0586,-0.1613,-0.67,-1.409
Jaipur,Yaounde,4207,4509,Asia,Africa,1.533,1.075,0.0438,0.368,6.81,5.735,0.12,-0.247,-0.1511,-0.1948,-0.831,-1.821
Salvador,Nairobi,3958,5325,Latin America,Africa,1.532,1.395,0.0264,0.488,10.951,9.556,0.201,-0.287,-0.0761,-0.1025,0.384,-0.007
Guayaquil,Puebla,3142,3344,Latin America,Latin America,1.529,1.206,0.0386,0.481,7.469,6.263,0.329,-0.153,-0.0873,-0.1259,-0.906,-1.712
Abuja,Cali,3839,2863,Africa,Latin America,1.528,0.683,0.1026,0.974,7.787,7.104,-0.655,0.319,-0.0221,-0.1247,0.395,-0.529
Cali,Puebla,2863,3344,Latin America,Latin America,1.527,0.841,0.0012,0.472,7.104,6.263,0.319,-0.153,-0.1247,-0.1259,-0.529,-1.712
Batam,Brazzaville,1748,2637,Asia,Africa,1.526,0.923,0.082,0.141,7.284,6.362,-0.074,-0.215,-0.0223,-0.1043,1.063,-0.135
Bandar Lampung,Kigali,1162,1247,Asia,Africa,1.524,1.287,0.0097,0.808,6.547,5.26,0.189,-0.62,-0.0696,-0.0793,0.165,0.052
Monrovia,Denpasar,1678,1053,Africa,Asia,1.524,0.718,0.0737,0.349,5.833,5.116,-0.199,0.15,-0.1143,-0.0407,0.969,-0.327
Freetown,Bandar Lampung,1309,1162,Africa,Asia,1.523,1.143,0.025,0.798,5.404,6.547,-0.609,0.189,-0.0446,-0.0696,0.777,0.165
Acapulco,Tegucigalpa,1018,1568,Latin America,Latin America,1.522,1.494,0.044,0.275,7.131,5.637,-0.507,-0.232,-0.0486,-0.0926,-0.248,-0.314
Aba,Palembang,1188,1818,Africa,Asia,1.521,0.01,0.0143,0.821,5.148,5.158,-0.82,0.002,-0.0625,-0.0768,-0.227,-1.493
Freetown,Harare,1309,1578,Africa,Africa,1.518,1.185,0.0069,0.161,5.404,6.589,-0.609,-0.77,-0.0446,-0.0377,0.777,-0.156
Monrovia,Aba,1678,1188,Africa,Africa,1.515,0.685,0.0518,0.621,5.833,5.148,-0.199,-0.82,-0.1143,-0.0625,0.969,-0.227
Bandar Lampung,Denpasar,1162,1053,Asia,Asia,1.515,1.432,0.0289,0.039,6.547,5.116,0.189,0.15,-0.0696,-0.0407,0.165,-0.327
Davao,San Jose,1949,1820,Asia,Latin America,1.512,0.778,0.0359,0.01,6.311,5.533,-0.076,-0.066,-0.0842,-0.0483,0.331,-0.965
Acapulco,Kathmandu,1018,1571,Latin America,Asia,1.512,0.427,0.0802,0.217,7.131,7.558,-0.507,-0.29,-0.0486,-0.1289,-0.248,-1.678
Semarang,Niamey,1975,1437,Asia,Africa,1.51,1.009,0.0291,0.892,6.21,5.201,0.215,-0.677,-0.0586,-0.0877,-0.67,-1.325
Harare,San Jose,1578,1820,Africa,Latin America,1.508,1.056,0.0105,0.705,6.589,5.533,-0.77,-0.066,-0.0377,-0.0483,-0.156,-0.965
Leon,Medan,1898,2439,Latin America,Asia,1.505,1.041,0.0487,0.634,5.322,6.363,-0.177,0.457,-0.0508,-0.0995,-1.025,-1.906
Bogota,Pune,11507,7166,Latin America,Asia,1.504,1.428,0.006,0.443,8.99,7.563,-0.002,-0.446,-0.0531,-0.0471,-0.463,-0.48
Santo Domingo,Lusaka,3523,3181,Latin America,Africa,1.503,1.191,0.0036,0.334,6.079,4.888,-0.155,-0.489,-0.1039,-0.1002,-0.751,-1.602
Maputo,Tegucigalpa,1162,1568,Africa,Latin America,1.502,1.028,0.0266,0.411,6.665,5.637,-0.643,-0.232,-0.0661,-0.0926,0.672,-0.314
Guayaquil,Medan,3142,2439,Latin America,Asia,1.498,1.107,0.0122,0.129,7.469,6.363,0.329,0.457,-0.0873,-0.0995,-0.906,-1.906
Kampala,Medan,3846,2439,Africa,Asia,1.496,1.132,0.0058,0.87,5.23,6.363,-0.413,0.457,-0.1053,-0.0995,-1.46,-1.906
Davao,Aba,1949,1188,Asia,Africa,1.489,1.163,0.0216,0.743,6.311,5.148,-0.076,-0.82,-0.0842,-0.0625,0.331,-0.227
Luanda,Pune,9292,7166,Africa,Asia,1.487,1.015,0.0427,0.116,6.547,7.563,-0.561,-0.446,-0.0898,-0.0471,0.568,-0.48
Cali,Bandung,2863,2674,Latin America,Asia,1.486,1.073,0.045,0.14,7.104,8.177,0.319,0.458,-0.1247,-0.0797,-0.529,-1.543
Antananarivo,Kampala,3872,3846,Africa,Africa,1.486,1.192,0.0563,0.189,6.422,5.23,-0.602,-0.413,-0.1616,-0.1053,-0.602,-1.46
Santo Domingo,Guayaquil,3523,3142,Latin America,Latin America,1.48,1.39,0.0166,0.483,6.079,7.469,-0.155,0.329,-0.1039,-0.0873,-0.751,-0.906
Quito,Bandung,1956,2674,Latin America,Asia,1.479,0.043,0.026,0.75,8.22,8.177,-0.291,0.458,-0.0537,-0.0797,-0.273,-1.543
Monrovia,Harare,1678,1578,Africa,Africa,1.474,0.756,0.0766,0.571,5.833,6.589,-0.199,-0.77,-0.1143,-0.0377,0.969,-0.156
Mombasa,Denpasar,1440,1053,Africa,Asia,1.474,1.319,0.0572,0.146,6.435,5.116,0.003,0.15,-0.0979,-0.0407,0.305,-0.327
Guatemala City,Medan,3095,2439,Latin America,Asia,1.473,0.325,0.0293,0.524,6.687,6.363,-0.067,0.457,-0.0702,-0.0995,-0.571,-1.906
Brazzaville,Guayaquil,2637,3142,Africa,Latin America,1.47,1.107,0.017,0.544,6.362,7.469,-0.215,0.329,-0.1043,-0.0873,-0.135,-0.906
Batam,Monrovia,1748,1678,Asia,Africa,1.465,1.451,0.0921,0.125,7.284,5.833,-0.074,-0.199,-0.0223,-0.1143,1.063,0.969
Santo Domingo,Guadalajara,3523,5419,Latin America,Latin America,1.463,0.56,0.012,0.302,6.079,5.52,-0.155,0.147,-0.1039,-0.1159,-0.751,-2.06
Karachi,Hyderabad,17236,10801,Asia,Asia,1.459,0.831,0.0295,0.099,7.912,8.743,0.019,-0.08,-0.0799,-0.1094,-0.316,-1.507
Kigali,Semarang,1247,1975,Africa,Asia,1.459,0.95,0.0208,0.835,5.26,6.21,-0.62,0.215,-0.0793,-0.0586,0.052,-0.67
Santo Domingo,Kumasi,3523,3768,Latin America,Africa,1.458,1.146,0.0066,0.267,6.079,4.933,-0.155,-0.422,-0.1039,-0.0972,-0.751,-1.612
Dar es Salaam,Addis Ababa,7775,5460,Africa,Africa,1.457,0.258,0.0752,0.007,5.817,6.075,-0.208,-0.215,-0.1823,-0.1071,0.182,-1.217
Nairobi,Johannesburg,5325,6198,Africa,Africa,1.455,1.42,0.0646,0.155,9.556,8.136,-0.287,-0.441,-0.1025,-0.0379,-0.007,-0.256
Dar es Salaam,Monterrey,7775,5116,Africa,Latin America,1.455,0.583,0.1509,0.133,5.817,6.4,-0.208,-0.076,-0.1823,-0.0314,0.182,-1.122
San Salvador,Palembang,1116,1818,Latin America,Asia,1.454,0.863,0.0169,0.073,6.022,5.158,-0.071,0.002,-0.0599,-0.0768,-0.342,-1.493
Antananarivo,Yaounde,3872,4509,Africa,Africa,1.453,0.687,0.0333,0.355,6.422,5.735,-0.602,-0.247,-0.1616,-0.1948,-0.602,-1.821
Freetown,Libreville,1309,869,Africa,Africa,1.452,0.3,0.007,0.026,5.404,5.104,-0.609,-0.583,-0.0446,-0.0376,0.777,-0.641
Surabaya,Puebla,3044,3344,Asia,Latin America,1.45,0.135,0.044,0.788,6.398,6.263,0.635,-0.153,-0.0819,-0.1259,-0.527,-1.712
Niamey,Nouakchott,1437,1491,Africa,Africa,1.447,0.545,0.0509,0.495,5.201,5.746,-0.677,-0.182,-0.0877,-0.1386,-1.325,-2.547
Guatemala City,Leon,3095,1898,Latin America,Latin America,1.445,1.365,0.0195,0.11,6.687,5.322,-0.067,-0.177,-0.0702,-0.0508,-0.571,-1.025
Surabaya,Leon,3044,1898,Asia,Latin America,1.444,1.076,0.0311,0.812,6.398,5.322,0.635,-0.177,-0.0819,-0.0508,-0.527,-1.025
Harare,Aba,1578,1188,Africa,Africa,1.444,1.441,0.0248,0.049,6.589,5.148,-0.77,-0.82,-0.0377,-0.0625,-0.156,-0.227
Salvador,Medellin,3958,4102,Latin America,Latin America,1.44,1.277,0.0308,0.188,10.951,9.674,0.201,0.014,-0.0761,-0.1069,0.384,-0.249
Antananarivo,Guayaquil,3872,3142,Africa,Latin America,1.437,1.047,0.0743,0.931,6.422,7.469,-0.602,0.329,-0.1616,-0.0873,-0.602,-0.906
San Salvador,Niamey,1116,1437,Latin America,Africa,1.435,0.82,0.0278,0.605,6.022,5.201,-0.071,-0.677,-0.0599,-0.0877,-0.342,-1.325
Bujumbura,Palembang,1206,1818,Africa,Asia,1.434,0.457,0.0375,0.269,5.615,5.158,-0.268,0.002,-0.1143,-0.0768,-0.167,-1.493
Monterrey,Ouagadougou,5116,3203,Latin America,Africa,1.429,1.338,0.1299,0.383,6.4,5.062,-0.076,-0.458,-0.0314,-0.1613,-1.122,-1.409
Kathmandu,Medan,1571,2439,Asia,Asia,1.428,1.195,0.0294,0.747,7.558,6.363,-0.29,0.457,-0.1289,-0.0995,-1.678,-1.906
Lusaka,Puebla,3181,3344,Africa,Latin America,1.42,1.375,0.0257,0.336,4.888,6.263,-0.489,-0.153,-0.1002,-0.1259,-1.602,-1.712
Asuncion,Addis Ababa,3510,5460,Latin America,Africa,1.415,0.192,0.0001,0.013,6.267,6.075,-0.228,-0.215,-0.1072,-0.1071,0.157,-1.217
Maputo,Bujumbura,1162,1206,Africa,Africa,1.41,1.05,0.0482,0.375,6.665,5.615,-0.643,-0.268,-0.0661,-0.1143,0.672,-0.167
Kigali,Niamey,1247,1437,Africa,Africa,1.407,0.059,0.0084,0.057,5.26,5.201,-0.62,-0.677,-0.0793,-0.0877,0.052,-1.325
Aba,Bangui,1188,958,Africa,Africa,1.405,1.148,0.0679,0.112,5.148,4.0,-0.82,-0.931,-0.0625,-0.1304,-0.227,-1.011
Maputo,Makassar,1162,1673,Africa,Asia,1.402,0.595,0.0199,1.07,6.665,7.26,-0.643,0.427,-0.0661,-0.086,0.672,0.002
Accra,Semarang,2660,1975,Africa,Asia,1.401,1.104,0.0103,0.315,5.107,6.21,-0.1,0.215,-0.0689,-0.0586,0.121,-0.67
Karachi,Bangkok,17236,11069,Asia,Asia,1.401,0.993,0.0489,0.12,7.912,8.906,0.019,-0.101,-0.0799,-0.0311,-0.316,-1.263
Surabaya,Medan,3044,2439,Asia,Asia,1.399,0.036,0.0176,0.178,6.398,6.363,0.635,0.457,-0.0819,-0.0995,-0.527,-1.906
Port-au-Prince,Jaipur,2987,4207,Latin America,Asia,1.398,1.264,0.0007,0.558,5.546,6.81,-0.437,0.12,-0.1503,-0.1511,-0.621,-0.831
San Salvador,Cancun,1116,1022,Latin America,Latin America,1.397,1.254,0.0246,0.389,6.022,4.767,-0.071,-0.46,-0.0599,-0.0353,-0.342,-0.788
Conakry,Monrovia,2110,1678,Africa,Africa,1.397,0.442,0.072,0.153,6.275,5.833,-0.046,-0.199,-0.0423,-0.1143,2.281,0.969
Chennai,Jakarta,11776,11248,Asia,Asia,1.397,0.423,0.0298,0.611,7.369,7.792,-0.005,0.606,-0.1231,-0.0932,-0.129,-1.311
Freetown,San Salvador,1309,1116,Africa,Latin America,1.387,0.617,0.0153,0.538,5.404,6.022,-0.609,-0.071,-0.0446,-0.0599,0.777,-0.342
Surabaya,Port-au-Prince,3044,2987,Asia,Latin America,1.385,0.852,0.0684,1.072,6.398,5.546,0.635,-0.437,-0.0819,-0.1503,-0.527,-0.621
Pune,Monterrey,7166,5116,Asia,Latin America,1.383,1.162,0.0157,0.37,7.563,6.4,-0.446,-0.076,-0.0471,-0.0314,-0.48,-1.122
Makassar,Harare,1673,1578,Asia,Africa,1.383,0.671,0.0483,1.197,7.26,6.589,0.427,-0.77,-0.086,-0.0377,0.002,-0.156
San Salvador,Bobo-Dioulasso,1116,1128,Latin America,Africa,1.382,0.825,0.0254,0.657,6.022,5.196,-0.071,-0.728,-0.0599,-0.0853,-0.342,-1.205
Makassar,San Salvador,1673,1116,Asia,Latin America,1.38,1.239,0.0261,0.498,7.26,6.022,0.427,-0.071,-0.086,-0.0599,0.002,-0.342
Brazzaville,Leon,2637,1898,Africa,Latin America,1.377,1.04,0.0535,0.039,6.362,5.322,-0.215,-0.177,-0.1043,-0.0508,-0.135,-1.025
Onitsha,Brazzaville,1623,2637,Africa,Africa,1.374,1.071,0.0459,0.199,7.432,6.362,-0.414,-0.215,-0.0584,-0.1043,0.692,-0.135
Freetown,Denpasar,1309,1053,Africa,Asia,1.371,0.289,0.004,0.759,5.404,5.116,-0.609,0.15,-0.0446,-0.0407,0.777,-0.327
Pune,Jakarta,7166,11248,Asia,Asia,1.371,0.229,0.0462,1.051,7.563,7.792,-0.446,0.606,-0.0471,-0.0932,-0.48,-1.311
San Jose,Medan,1820,2439,Latin America,Asia,1.365,0.829,0.0512,0.523,5.533,6.363,-0.066,0.457,-0.0483,-0.0995,-0.965,-1.906
Kinshasa,Jakarta,16315,11248,Africa,Asia,1.363,0.281,0.3116,0.468,7.511,7.792,0.138,0.606,-0.4049,-0.0932,-0.115,-1.311
Kumasi,Puebla,3768,3344,Africa,Latin America,1.361,1.33,0.0286,0.269,4.933,6.263,-0.422,-0.153,-0.0972,-0.1259,-1.612,-1.712
Semarang,Palembang,1975,1818,Asia,Asia,1.361,1.052,0.0182,0.214,6.21,5.158,0.215,0.002,-0.0586,-0.0768,-0.67,-1.493
Lilongwe,Palembang,1276,1818,Africa,Asia,1.361,0.512,0.0015,0.915,4.646,5.158,-0.913,0.002,-0.0753,-0.0768,-0.631,-1.493
Kigali,Harare,1247,1578,Africa,Africa,1.356,1.329,0.0416,0.15,5.26,6.589,-0.62,-0.77,-0.0793,-0.0377,0.052,-0.156
Hyderabad,Bangalore,10801,13607,Asia,Asia,1.355,1.316,0.074,0.127,8.743,7.427,-0.08,0.047,-0.1094,-0.1835,-1.507,-1.762
Mombasa,Kigali,1440,1247,Africa,Africa,1.355,1.174,0.0185,0.623,6.435,5.26,0.003,-0.62,-0.0979,-0.0793,0.305,0.052
Palembang,Medan,1818,2439,Asia,Asia,1.353,1.204,0.0227,0.456,5.158,6.363,0.002,0.457,-0.0768,-0.0995,-1.493,-1.906
Yaounde,Ibadan,4509,3874,Africa,Africa,1.351,1.311,0.0587,0.021,5.735,4.424,-0.247,-0.226,-0.1948,-0.1361,-1.821,-2.093
Tegucigalpa,Managua,1568,1094,Latin America,Latin America,1.35,1.319,0.0614,0.234,5.637,4.318,-0.232,-0.466,-0.0926,-0.0312,-0.314,-0.449
Bujumbura,Managua,1206,1094,Africa,Latin America,1.345,1.297,0.0831,0.199,5.615,4.318,-0.268,-0.466,-0.1143,-0.0312,-0.167,-0.449
Port-au-Prince,Puebla,2987,3344,Latin America,Latin America,1.338,0.717,0.0245,0.285,5.546,6.263,-0.437,-0.153,-0.1503,-0.1259,-0.621,-1.712
Santo Domingo,Medan,3523,2439,Latin America,Asia,1.338,0.283,0.0044,0.612,6.079,6.363,-0.155,0.457,-0.1039,-0.0995,-0.751,-1.906
Maputo,San Salvador,1162,1116,Africa,Latin America,1.338,0.644,0.0062,0.572,6.665,6.022,-0.643,-0.071,-0.0661,-0.0599,0.672,-0.342
Ho Chi Minh City,Kolkata,9320,15332,Asia,Asia,1.337,1.217,0.1678,0.157,10.483,9.266,0.269,0.112,-0.0922,-0.26,-0.757,-1.196
Accra,Santo Domingo,2660,3523,Africa,Latin America,1.337,0.973,0.0349,0.055,5.107,6.079,-0.1,-0.155,-0.0689,-0.1039,0.121,-0.751
Monrovia,San Salvador,1678,1116,Africa,Latin America,1.335,0.189,0.0544,0.128,5.833,6.022,-0.199,-0.071,-0.1143,-0.0599,0.969,-0.342
Denpasar,Niamey,1053,1437,Asia,Africa,1.331,0.086,0.0471,0.826,5.116,5.201,0.15,-0.677,-0.0407,-0.0877,-0.327,-1.325
Bangkok,Jakarta,11069,11248,Asia,Asia,1.326,1.114,0.0622,0.707,8.906,7.792,-0.101,0.606,-0.0311,-0.0932,-1.263,-1.311
Bogota,Surat,11507,8064,Latin America,Asia,1.323,1.318,0.0492,0.048,8.99,10.308,-0.002,0.046,-0.0531,-0.1023,-0.463,-0.497
Monterrey,Guadalajara,5116,5419,Latin America,Latin America,1.32,0.881,0.0845,0.223,6.4,5.52,-0.076,0.147,-0.0314,-0.1159,-1.122,-2.06
Semarang,Queretaro,1975,1413,Asia,Latin America,1.315,1.242,0.0105,0.431,6.21,4.968,0.215,-0.216,-0.0586,-0.0481,-0.67,-0.685
Phnom Penh,Cali,2281,2863,Asia,Latin America,1.314,1.298,0.0468,0.001,8.402,7.104,0.318,0.319,-0.0779,-0.1247,-0.417,-0.529
Medellin,Belo Horizonte,4102,6247,Latin America,Latin America,1.314,0.799,0.019,0.032,9.674,10.473,0.014,0.046,-0.1069,-0.0879,-0.249,-1.284
Quito,Cali,1956,2863,Latin America,Latin America,1.314,1.116,0.071,0.61,8.22,7.104,-0.291,0.319,-0.0537,-0.1247,-0.273,-0.529
Monrovia,Tegucigalpa,1678,1568,Africa,Latin America,1.312,0.196,0.0217,0.033,5.833,5.637,-0.199,-0.232,-0.1143,-0.0926,0.969,-0.314
Asuncion,Monterrey,3510,5116,Latin America,Latin America,1.308,0.133,0.0759,0.152,6.267,6.4,-0.228,-0.076,-0.1072,-0.0314,0.157,-1.122
Bujumbura,Niamey,1206,1437,Africa,Africa,1.307,0.413,0.0266,0.409,5.615,5.201,-0.268,-0.677,-0.1143,-0.0877,-0.167,-1.325
Manila,Hyderabad,14667,10801,Asia,Asia,1.305,1.002,0.0082,0.379,9.745,8.743,0.3,-0.08,-0.1176,-0.1094,-0.779,-1.507
Algiers,Medellin,2901,4102,Africa,Latin America,1.304,0.828,0.121,0.686,10.502,9.674,-0.672,0.014,0.0141,-0.1069,0.464,-0.249
Semarang,Guayaquil,1975,3142,Asia,Latin America,1.298,1.259,0.0287,0.113,6.21,7.469,0.215,0.329,-0.0586,-0.0873,-0.67,-0.906
Tegucigalpa,Palembang,1568,1818,Latin America,Asia,1.296,0.479,0.0159,0.234,5.637,5.158,-0.232,0.002,-0.0926,-0.0768,-0.314,-1.493
Kigali,Bobo-Dioulasso,1247,1128,Africa,Africa,1.293,0.064,0.0059,0.109,5.26,5.196,-0.62,-0.728,-0.0793,-0.0853,0.052,-1.205
Santo Domingo,Kano,3523,4348,Latin America,Africa,1.293,0.69,0.0418,0.202,6.079,5.39,-0.155,-0.356,-0.1039,-0.1457,-0.751,-1.805
Accra,Brazzaville,2660,2637,Africa,Africa,1.291,1.255,0.0354,0.116,5.107,6.362,-0.1,-0.215,-0.0689,-0.1043,0.121,-0.135
Freetown,Mombasa,1309,1440,Africa,Africa,1.29,1.03,0.0533,0.612,5.404,6.435,-0.609,0.003,-0.0446,-0.0979,0.777,0.305
Davao,Port-au-Prince,1949,2987,Asia,Latin America,1.283,0.765,0.0662,0.361,6.311,5.546,-0.076,-0.437,-0.0842,-0.1503,0.331,-0.621
Ahmedabad,Bangalore,8650,13607,Asia,Asia,1.28,1.213,0.0777,0.162,6.214,7.427,-0.115,0.047,-0.1058,-0.1835,-1.401,-1.762
Denpasar,Bobo-Dioulasso,1053,1128,Asia,Africa,1.278,0.081,0.0446,0.878,5.116,5.196,0.15,-0.728,-0.0407,-0.0853,-0.327,-1.205
Monterrey,Kano,5116,4348,Latin America,Africa,1.277,1.011,0.1143,0.281,6.4,5.39,-0.076,-0.356,-0.0314,-0.1457,-1.122,-1.805
Ouagadougou,Puebla,3203,3344,Africa,Latin America,1.277,1.201,0.0354,0.306,5.062,6.263,-0.458,-0.153,-0.1613,-0.1259,-1.409,-1.712
Managua,Niamey,1094,1437,Latin America,Africa,1.276,0.883,0.0565,0.21,4.318,5.201,-0.466,-0.677,-0.0312,-0.0877,-0.449,-1.325
Semarang,Medan,1975,2439,Asia,Asia,1.274,0.152,0.0409,0.242,6.21,6.363,0.215,0.457,-0.0586,-0.0995,-0.67,-1.906
Lilongwe,San Jose,1276,1820,Africa,Latin America,1.273,0.887,0.027,0.847,4.646,5.533,-0.913,-0.066,-0.0753,-0.0483,-0.631,-0.965
Freetown,Maputo,1309,1162,Africa,Africa,1.272,1.261,0.0215,0.034,5.404,6.665,-0.609,-0.643,-0.0446,-0.0661,0.777,0.672
Bangui,Niamey,958,1437,Africa,Africa,1.27,1.201,0.0427,0.254,4.0,5.201,-0.931,-0.677,-0.1304,-0.0877,-1.011,-1.325
Surabaya,Antananarivo,3044,3872,Asia,Africa,1.269,0.024,0.0797,1.237,6.398,6.422,0.635,-0.602,-0.0819,-0.1616,-0.527,-0.602
Makassar,Semarang,1673,1975,Asia,Asia,1.266,1.05,0.0274,0.212,7.26,6.21,0.427,0.215,-0.086,-0.0586,0.002,-0.67
Monterrey,Kampala,5116,3846,Latin America,Africa,1.266,1.17,0.0739,0.338,6.4,5.23,-0.076,-0.413,-0.0314,-0.1053,-1.122,-1.46
Onitsha,Quito,1623,1956,Africa,Latin America,1.257,0.788,0.0047,0.123,7.432,8.22,-0.414,-0.291,-0.0584,-0.0537,0.692,-0.273
Port-au-Prince,Yaounde,2987,4509,Latin America,Africa,1.256,0.189,0.0445,0.19,5.546,5.735,-0.437,-0.247,-0.1503,-0.1948,-0.621,-1.821
Asuncion,Abidjan,3510,5686,Latin America,Africa,1.255,0.635,0.0065,0.355,6.267,5.632,-0.228,0.127,-0.1072,-0.1137,0.157,-0.838
Queretaro,Bangui,1413,958,Latin America,Africa,1.254,0.968,0.0823,0.715,4.968,4.0,-0.216,-0.931,-0.0481,-0.1304,-0.685,-1.011
Bujumbura,Lilongwe,1206,1276,Africa,Africa,1.254,0.969,0.039,0.645,5.615,4.646,-0.268,-0.913,-0.1143,-0.0753,-0.167,-0.631
Palembang,Nouakchott,1818,1491,Asia,Africa,1.253,0.588,0.0618,0.184,5.158,5.746,0.002,-0.182,-0.0768,-0.1386,-1.493,-2.547
Santo Domingo,Ouagadougou,3523,3203,Latin America,Africa,1.251,1.017,0.0575,0.304,6.079,5.062,-0.155,-0.458,-0.1039,-0.1613,-0.751,-1.409
Onitsha,Harare,1623,1578,Africa,Africa,1.251,0.843,0.0206,0.356,7.432,6.589,-0.414,-0.77,-0.0584,-0.0377,0.692,-0.156
Davao,Cali,1949,2863,Asia,Latin America,1.246,0.793,0.0406,0.395,6.311,7.104,-0.076,0.319,-0.0842,-0.1247,0.331,-0.529
Dhaka,Kolkata,23209,15332,Asia,Asia,1.245,0.923,0.0886,0.3,10.189,9.266,-0.188,0.112,-0.1714,-0.26,-0.427,-1.196
Tegucigalpa,Lilongwe,1568,1276,Latin America,Africa,1.244,0.991,0.0174,0.681,5.637,4.646,-0.232,-0.913,-0.0926,-0.0753,-0.314,-0.631
Onitsha,Davao,1623,1949,Africa,Asia,1.235,1.121,0.0258,0.338,7.432,6.311,-0.414,-0.076,-0.0584,-0.0842,0.692,0.331
Guatemala City,Puebla,3095,3344,Latin America,Latin America,1.232,0.424,0.0556,0.086,6.687,6.263,-0.067,-0.153,-0.0702,-0.1259,-0.571,-1.712
Abidjan,Guadalajara,5686,5419,Africa,Latin America,1.232,0.113,0.0022,0.02,5.632,5.52,0.127,0.147,-0.1137,-0.1159,-0.838,-2.06
Bangui,Bobo-Dioulasso,958,1128,Africa,Africa,1.231,1.196,0.0452,0.203,4.0,5.196,-0.931,-0.728,-0.1304,-0.0853,-1.011,-1.205
Makassar,Quito,1673,1956,Asia,Latin America,1.231,0.96,0.0323,0.718,7.26,8.22,0.427,-0.291,-0.086,-0.0537,0.002,-0.273
Davao,Accra,1949,2660,Asia,Africa,1.23,1.204,0.0152,0.023,6.311,5.107,-0.076,-0.1,-0.0842,-0.0689,0.331,0.121
Asuncion,Cali,3510,2863,Latin America,Latin America,1.23,0.837,0.0175,0.547,6.267,7.104,-0.228,0.319,-0.1072,-0.1247,0.157,-0.529
Addis Ababa,Kumasi,5460,3768,Africa,Africa,1.227,1.142,0.0099,0.207,6.075,4.933,-0.215,-0.422,-0.1071,-0.0972,-1.217,-1.612
Monrovia,Brazzaville,1678,2637,Africa,Africa,1.227,0.529,0.01,0.016,5.833,6.362,-0.199,-0.215,-0.1143,-0.1043,0.969,-0.135
Batam,Davao,1748,1949,Asia,Asia,1.226,0.973,0.0619,0.002,7.284,6.311,-0.074,-0.076,-0.0223,-0.0842,1.063,0.331
Makassar,Phnom Penh,1673,2281,Asia,Asia,1.222,1.142,0.0081,0.109,7.26,8.402,0.427,0.318,-0.086,-0.0779,0.002,-0.417
Bujumbura,Bobo-Dioulasso,1206,1128,Africa,Africa,1.222,0.418,0.029,0.461,5.615,5.196,-0.268,-0.728,-0.1143,-0.0853,-0.167,-1.205
Libreville,Bangui,869,958,Africa,Africa,1.222,1.103,0.0928,0.348,5.104,4.0,-0.583,-0.931,-0.0376,-0.1304,-0.641,-1.011
Davao,Kigali,1949,1247,Asia,Africa,1.218,1.051,0.0048,0.544,6.311,5.26,-0.076,-0.62,-0.0842,-0.0793,0.331,0.052
Luanda,Chennai,9292,11776,Africa,Asia,1.218,0.822,0.0333,0.557,6.547,7.369,-0.561,-0.005,-0.0898,-0.1231,0.568,-0.129
Port-au-Prince,Kano,2987,4348,Latin America,Africa,1.216,0.156,0.0047,0.081,5.546,5.39,-0.437,-0.356,-0.1503,-0.1457,-0.621,-1.805
Denpasar,Lilongwe,1053,1276,Asia,Africa,1.212,0.47,0.0346,1.063,5.116,4.646,0.15,-0.913,-0.0407,-0.0753,-0.327,-0.631
Jakarta,Hyderabad,11248,10801,Asia,Asia,1.212,0.951,0.0162,0.686,7.792,8.743,0.606,-0.08,-0.0932,-0.1094,-1.311,-1.507
Antananarivo,Puebla,3872,3344,Africa,Latin America,1.208,0.159,0.0357,0.45,6.422,6.263,-0.602,-0.153,-0.1616,-0.1259,-0.602,-1.712
Guatemala City,Port-au-Prince,3095,2987,Latin America,Latin America,1.207,1.141,0.0801,0.371,6.687,5.546,-0.067,-0.437,-0.0702,-0.1503,-0.571,-0.621
Cape Town,Salvador,4890,3958,Africa,Latin America,1.207,0.867,0.0709,0.713,11.818,10.951,-0.511,0.201,-0.0052,-0.0761,0.788,0.384
Dakar,Abuja,3429,3839,Africa,Africa,1.207,0.267,0.0414,0.698,7.52,7.787,0.043,-0.655,-0.0635,-0.0221,1.335,0.395
Managua,Bobo-Dioulasso,1094,1128,Latin America,Africa,1.203,0.878,0.0541,0.262,4.318,5.196,-0.466,-0.728,-0.0312,-0.0853,-0.449,-1.205
Acapulco,San Salvador,1018,1116,Latin America,Latin America,1.201,1.109,0.0113,0.436,7.131,6.022,-0.507,-0.071,-0.0486,-0.0599,-0.248,-0.342
Onitsha,Bandar Lampung,1623,1162,Africa,Asia,1.196,0.885,0.0112,0.603,7.432,6.547,-0.414,0.189,-0.0584,-0.0696,0.692,0.165
Batam,Bandar Lampung,1748,1162,Asia,Asia,1.196,0.737,0.0473,0.263,7.284,6.547,-0.074,0.189,-0.0223,-0.0696,1.063,0.165
Accra,Leon,2660,1898,Africa,Latin America,1.195,0.215,0.0181,0.077,5.107,5.322,-0.1,-0.177,-0.0689,-0.0508,0.121,-1.025
Surabaya,Guayaquil,3044,3142,Asia,Latin America,1.195,1.071,0.0054,0.306,6.398,7.469,0.635,0.329,-0.0819,-0.0873,-0.527,-0.906
Kigali,San Jose,1247,1820,Africa,Latin America,1.194,0.273,0.0311,0.554,5.26,5.533,-0.62,-0.066,-0.0793,-0.0483,0.052,-0.965
Tegucigalpa,Niamey,1568,1437,Latin America,Africa,1.193,0.436,0.0049,0.444,5.637,5.201,-0.232,-0.677,-0.0926,-0.0877,-0.314,-1.325
Alexandria,Hanoi,5588,5253,Africa,Asia,1.193,0.096,0.0216,0.084,14.242,14.146,0.075,-0.009,-0.0661,-0.0445,1.155,-0.022
Asuncion,Jaipur,3510,4207,Latin America,Asia,1.192,0.543,0.0438,0.348,6.267,6.81,-0.228,0.12,-0.1072,-0.1511,0.157,-0.831
Freetown,Tegucigalpa,1309,1568,Africa,Latin America,1.186,0.233,0.048,0.377,5.404,5.637,-0.609,-0.232,-0.0446,-0.0926,0.777,-0.314
Port-au-Prince,Lusaka,2987,3181,Latin America,Africa,1.185,0.658,0.0501,0.052,5.546,4.888,-0.437,-0.489,-0.1503,-0.1002,-0.621,-1.602
Brazzaville,San Jose,2637,1820,Africa,Latin America,1.184,0.829,0.056,0.15,6.362,5.533,-0.215,-0.066,-0.1043,-0.0483,-0.135,-0.965
Kigali,Leon,1247,1898,Africa,Latin America,1.182,0.062,0.0286,0.443,5.26,5.322,-0.62,-0.177,-0.0793,-0.0508,0.052,-1.025
Jaipur,Abidjan,4207,5686,Asia,Africa,1.181,1.178,0.0373,0.007,6.81,5.632,0.12,0.127,-0.1511,-0.1137,-0.831,-0.838
Quito,Guayaquil,1956,3142,Latin America,Latin America,1.18,0.751,0.0336,0.62,8.22,7.469,-0.291,0.329,-0.0537,-0.0873,-0.273,-0.906
Batam,Makassar,1748,1673,Asia,Asia,1.179,0.024,0.0637,0.501,7.284,7.26,-0.074,0.427,-0.0223,-0.086,1.063,0.002
Abidjan,Kumasi,5686,3768,Africa,Africa,1.178,0.699,0.0165,0.549,5.632,4.933,0.127,-0.422,-0.1137,-0.0972,-0.838,-1.612
Harare,Semarang,1578,1975,Africa,Asia,1.178,0.379,0.0208,0.986,6.589,6.21,-0.77,0.215,-0.0377,-0.0586,-0.156,-0.67
Karachi,Jakarta,17236,11248,Asia,Asia,1.177,0.12,0.0133,0.587,7.912,7.792,0.019,0.606,-0.0799,-0.0932,-0.316,-1.311
Accra,San Jose,2660,1820,Africa,Latin America,1.177,0.427,0.0206,0.034,5.107,5.533,-0.1,-0.066,-0.0689,-0.0483,0.121,-0.965
Asuncion,Accra,3510,2660,Latin America,Africa,1.172,1.161,0.0383,0.128,6.267,5.107,-0.228,-0.1,-0.1072,-0.0689,0.157,0.121
Monrovia,Bujumbura,1678,1206,Africa,Africa,1.168,0.218,0.0,0.069,5.833,5.615,-0.199,-0.268,-0.1143,-0.1143,0.969,-0.167
Port-au-Prince,Kumasi,2987,3768,Latin America,Africa,1.167,0.612,0.0531,0.016,5.546,4.933,-0.437,-0.422,-0.1503,-0.0972,-0.621,-1.612
Guayaquil,Monterrey,3142,5116,Latin America,Latin America,1.166,1.069,0.0559,0.404,7.469,6.4,0.329,-0.076,-0.0873,-0.0314,-0.906,-1.122
Monrovia,Kigali,1678,1247,Africa,Africa,1.162,0.573,0.035,0.421,5.833,5.26,-0.199,-0.62,-0.1143,-0.0793,0.969,0.052
Guadalajara,Ibadan,5419,3874,Latin America,Africa,1.161,1.096,0.0202,0.374,5.52,4.424,0.147,-0.226,-0.1159,-0.1361,-2.06,-2.093
Phnom Penh,Bandung,2281,2674,Asia,Asia,1.159,0.225,0.0018,0.141,8.402,8.177,0.318,0.458,-0.0779,-0.0797,-0.417,-1.543
Santo Domingo,Yaounde,3523,4509,Latin America,Africa,1.158,0.345,0.091,0.092,6.079,5.735,-0.155,-0.247,-0.1039,-0.1948,-0.751,-1.821
Onitsha,Mombasa,1623,1440,Africa,Africa,1.157,0.998,0.0395,0.417,7.432,6.435,-0.414,0.003,-0.0584,-0.0979,0.692,0.305
Aba,San Salvador,1188,1116,Africa,Latin America,1.156,0.873,0.0027,0.748,5.148,6.022,-0.82,-0.071,-0.0625,-0.0599,-0.227,-0.342
Cali,Antananarivo,2863,3872,Latin America,Africa,1.152,0.682,0.0369,0.921,7.104,6.422,0.319,-0.602,-0.1247,-0.1616,-0.529,-0.602
Cali,Santo Domingo,2863,3523,Latin America,Latin America,1.151,1.025,0.0209,0.474,7.104,6.079,0.319,-0.155,-0.1247,-0.1039,-0.529,-0.751
Batam,Mombasa,1748,1440,Asia,Africa,1.149,0.85,0.0756,0.078,7.284,6.435,-0.074,0.003,-0.0223,-0.0979,1.063,0.305
Freetown,Davao,1309,1949,Africa,Asia,1.145,0.907,0.0395,0.533,5.404,6.311,-0.609,-0.076,-0.0446,-0.0842,0.777,0.331
Monrovia,Bandar Lampung,1678,1162,Africa,Asia,1.145,0.714,0.0447,0.387,5.833,6.547,-0.199,0.189,-0.1143,-0.0696,0.969,0.165
Medan,Nouakchott,2439,1491,Asia,Africa,1.139,0.616,0.0391,0.639,6.363,5.746,0.457,-0.182,-0.0995,-0.1386,-1.906,-2.547
Santo Domingo,Kampala,3523,3846,Latin America,Africa,1.136,0.849,0.0014,0.258,6.079,5.23,-0.155,-0.413,-0.1039,-0.1053,-0.751,-1.46
Aba,Niamey,1188,1437,Africa,Africa,1.132,0.053,0.0252,0.143,5.148,5.201,-0.82,-0.677,-0.0625,-0.0877,-0.227,-1.325
Davao,Makassar,1949,1673,Asia,Asia,1.124,0.949,0.0019,0.503,6.311,7.26,-0.076,0.427,-0.0842,-0.086,0.331,0.002
Aba,San Jose,1188,1820,Africa,Latin America,1.124,0.385,0.0143,0.754,5.148,5.533,-0.82,-0.066,-0.0625,-0.0483,-0.227,-0.965
Bandar Lampung,Tegucigalpa,1162,1568,Asia,Latin America,1.123,0.91,0.023,0.421,6.547,5.637,0.189,-0.232,-0.0696,-0.0926,0.165,-0.314
Dar es Salaam,Abidjan,7775,5686,Africa,Africa,1.122,0.185,0.0686,0.336,5.817,5.632,-0.208,0.127,-0.1823,-0.1137,0.182,-0.838
Monrovia,Accra,1678,2660,Africa,Africa,1.122,0.726,0.0454,0.099,5.833,5.107,-0.199,-0.1,-0.1143,-0.0689,0.969,0.121
Abidjan,Kano,5686,4348,Africa,Africa,1.12,0.243,0.0319,0.483,5.632,5.39,0.127,-0.356,-0.1137,-0.1457,-0.838,-1.805
San Salvador,Queretaro,1116,1413,Latin America,Latin America,1.119,1.054,0.0118,0.144,6.022,4.968,-0.071,-0.216,-0.0599,-0.0481,-0.342,-0.685
Davao,Surabaya,1949,3044,Asia,Asia,1.118,0.087,0.0022,0.711,6.311,6.398,-0.076,0.635,-0.0842,-0.0819,0.331,-0.527
Tegucigalpa,Bobo-Dioulasso,1568,1128,Latin America,Africa,1.117,0.441,0.0074,0.496,5.637,5.196,-0.232,-0.728,-0.0926,-0.0853,-0.314,-1.205
Harare,Tegucigalpa,1578,1568,Africa,Latin America,1.115,0.952,0.0549,0.538,6.589,5.637,-0.77,-0.232,-0.0377,-0.0926,-0.156,-0.314
Makassar,Brazzaville,1673,2637,Asia,Africa,1.114,0.899,0.0183,0.642,7.26,6.362,0.427,-0.215,-0.086,-0.1043,0.002,-0.135
Asuncion,Surabaya,3510,3044,Latin America,Asia,1.11,0.131,0.0253,0.863,6.267,6.398,-0.228,0.635,-0.1072,-0.0819,0.157,-0.527
Onitsha,Makassar,1623,1673,Africa,Asia,1.109,0.172,0.0276,0.841,7.432,7.26,-0.414,0.427,-0.0584,-0.086,0.692,0.002
Mumbai,Rio de Janeiro,21296,13727,Asia,Latin America,1.107,0.865,0.0082,0.449,13.773,14.638,-0.505,-0.056,-0.0352,-0.0434,1.271,0.855
Harare,Bujumbura,1578,1206,Africa,Africa,1.104,0.974,0.0766,0.503,6.589,5.615,-0.77,-0.268,-0.0377,-0.1143,-0.156,-0.167
Antananarivo,Abidjan,3872,5686,Africa,Africa,1.103,0.79,0.0479,0.729,6.422,5.632,-0.602,0.127,-0.1616,-0.1137,-0.602,-0.838
Kampala,Puebla,3846,3344,Africa,Latin America,1.099,1.033,0.0206,0.26,5.23,6.263,-0.413,-0.153,-0.1053,-0.1259,-1.46,-1.712
Asuncion,Port-au-Prince,3510,2987,Latin America,Latin America,1.098,0.721,0.0431,0.209,6.267,5.546,-0.228,-0.437,-0.1072,-0.1503,0.157,-0.621
Bandar Lampung,Bujumbura,1162,1206,Asia,Africa,1.096,0.932,0.0447,0.456,6.547,5.615,0.189,-0.268,-0.0696,-0.1143,0.165,-0.167
San Salvador,Libreville,1116,869,Latin America,Africa,1.095,0.918,0.0223,0.512,6.022,5.104,-0.071,-0.583,-0.0599,-0.0376,-0.342,-0.641
Karachi,Bogota,17236,11507,Asia,Latin America,1.09,1.078,0.0269,0.021,7.912,8.99,0.019,-0.002,-0.0799,-0.0531,-0.316,-0.463
Kigali,Managua,1247,1094,Africa,Latin America,1.083,0.942,0.0481,0.153,5.26,4.318,-0.62,-0.466,-0.0793,-0.0312,0.052,-0.449
Bogota,Hyderabad,11507,10801,Latin America,Asia,1.079,0.247,0.0564,0.078,8.99,8.743,-0.002,-0.08,-0.0531,-0.1094,-0.463,-1.507
Abidjan,Yaounde,5686,4509,Africa,Africa,1.079,0.102,0.0811,0.374,5.632,5.735,0.127,-0.247,-0.1137,-0.1948,-0.838,-1.821
Jaipur,Puebla,4207,3344,Asia,Latin America,1.077,0.547,0.0252,0.273,6.81,6.263,0.12,-0.153,-0.1511,-0.1259,-0.831,-1.712
Lilongwe,Leon,1276,1898,Africa,Latin America,1.076,0.676,0.0245,0.736,4.646,5.322,-0.913,-0.177,-0.0753,-0.0508,-0.631,-1.025
Bujumbura,Cancun,1206,1022,Africa,Latin America,1.075,0.848,0.079,0.193,5.615,4.767,-0.268,-0.46,-0.1143,-0.0353,-0.167,-0.788
Addis Ababa,Guadalajara,5460,5419,Africa,Latin America,1.075,0.555,0.0088,0.362,6.075,5.52,-0.215,0.147,-0.1071,-0.1159,-1.217,-2.06
Phnom Penh,Guayaquil,2281,3142,Asia,Latin America,1.069,0.933,0.0094,0.011,8.402,7.469,0.318,0.329,-0.0779,-0.0873,-0.417,-0.906
Manila,Bangkok,14667,11069,Asia,Asia,1.067,0.839,0.0866,0.401,9.745,8.906,0.3,-0.101,-0.1176,-0.0311,-0.779,-1.263
Ho Chi Minh City,Lima,9320,11204,Asia,Latin America,1.065,0.824,0.0039,0.251,10.483,9.659,0.269,0.017,-0.0922,-0.0883,-0.757,-1.28
Bogota,Lima,11507,11204,Latin America,Latin America,1.065,0.668,0.0353,0.019,8.99,9.659,-0.002,0.017,-0.0531,-0.0883,-0.463,-1.28
Maputo,Acapulco,1162,1018,Africa,Latin America,1.061,0.466,0.0175,0.136,6.665,7.131,-0.643,-0.507,-0.0661,-0.0486,0.672,-0.248
Freetown,Aba,1309,1188,Africa,Africa,1.058,0.256,0.0179,0.21,5.404,5.148,-0.609,-0.82,-0.0446,-0.0625,0.777,-0.227
Port-au-Prince,Palembang,2987,1818,Latin America,Asia,1.053,0.388,0.0736,0.439,5.546,5.158,-0.437,0.002,-0.1503,-0.0768,-0.621,-1.493
Aba,Leon,1188,1898,Africa,Latin America,1.049,0.174,0.0118,0.643,5.148,5.322,-0.82,-0.177,-0.0625,-0.0508,-0.227,-1.025
Kampala,Ibadan,3846,3874,Africa,Africa,1.048,0.807,0.0309,0.187,5.23,4.424,-0.413,-0.226,-0.1053,-0.1361,-1.46,-2.093
Davao,Semarang,1949,1975,Asia,Asia,1.048,0.101,0.0256,0.292,6.311,6.21,-0.076,0.215,-0.0842,-0.0586,0.331,-0.67
Mombasa,Tegucigalpa,1440,1568,Africa,Latin America,1.041,0.797,0.0052,0.236,6.435,5.637,0.003,-0.232,-0.0979,-0.0926,0.305,-0.314
Semarang,Leon,1975,1898,Asia,Latin America,1.039,0.888,0.0078,0.392,6.21,5.322,0.215,-0.177,-0.0586,-0.0508,-0.67,-1.025
Freetown,Bujumbura,1309,1206,Africa,Africa,1.032,0.211,0.0697,0.342,5.404,5.615,-0.609,-0.268,-0.0446,-0.1143,0.777,-0.167
Mombasa,Acapulco,1440,1018,Africa,Latin America,1.03,0.696,0.0492,0.511,6.435,7.131,0.003,-0.507,-0.0979,-0.0486,0.305,-0.248
Monterrey,Yaounde,5116,4509,Latin America,Africa,1.029,0.666,0.1635,0.172,6.4,5.735,-0.076,-0.247,-0.0314,-0.1948,-1.122,-1.821
Kano,Ibadan,4348,3874,Africa,Africa,1.025,0.966,0.0095,0.13,5.39,4.424,-0.356,-0.226,-0.1457,-0.1361,-1.805,-2.093
Mombasa,Semarang,1440,1975,Africa,Asia,1.025,0.224,0.0393,0.212,6.435,6.21,0.003,0.215,-0.0979,-0.0586,0.305,-0.67
Denpasar,Managua,1053,1094,Asia,Latin America,1.021,0.798,0.0094,0.616,5.116,4.318,0.15,-0.466,-0.0407,-0.0312,-0.327,-0.449
Nairobi,Surat,5325,8064,Africa,Asia,1.021,0.753,0.0002,0.332,9.556,10.308,-0.287,0.046,-0.1025,-0.1023,-0.007,-0.497
Tegucigalpa,Cancun,1568,1022,Latin America,Latin America,1.019,0.87,0.0573,0.228,5.637,4.767,-0.232,-0.46,-0.0926,-0.0353,-0.314,-0.788
Kigali,San Salvador,1247,1116,Africa,Latin America,1.019,0.761,0.0195,0.549,5.26,6.022,-0.62,-0.071,-0.0793,-0.0599,0.052,-0.342
Surat,Lima,8064,11204,Asia,Latin America,1.019,0.65,0.014,0.028,10.308,9.659,0.046,0.017,-0.1023,-0.0883,-0.497,-1.28
Bandar Lampung,Harare,1162,1578,Asia,Africa,1.013,0.042,0.0319,0.959,6.547,6.589,0.189,-0.77,-0.0696,-0.0377,0.165,-0.156
Onitsha,Acapulco,1623,1018,Africa,Latin America,1.012,0.302,0.0098,0.093,7.432,7.131,-0.414,-0.507,-0.0584,-0.0486,0.692,-0.248
Brazzaville,Cali,2637,2863,Africa,Latin America,1.012,0.742,0.0204,0.534,6.362,7.104,-0.215,0.319,-0.1043,-0.1247,-0.135,-0.529
Aba,Bobo-Dioulasso,1188,1128,Africa,Africa,1.009,0.048,0.0228,0.091,5.148,5.196,-0.82,-0.728,-0.0625,-0.0853,-0.227,-1.205
Kigali,Cancun,1247,1022,Africa,Latin America,1.009,0.493,0.044,0.159,5.26,4.767,-0.62,-0.46,-0.0793,-0.0353,0.052,-0.788
Ahmedabad,Guadalajara,8650,5419,Asia,Latin America,1.009,0.695,0.0101,0.262,6.214,5.52,-0.115,0.147,-0.1058,-0.1159,-1.401,-2.06
Bandar Lampung,Acapulco,1162,1018,Asia,Latin America,1.007,0.584,0.021,0.696,6.547,7.131,0.189,-0.507,-0.0696,-0.0486,0.165,-0.248
Brasilia,Salvador,4873,3958,Latin America,Latin America,1.0,0.365,0.0687,0.706,11.316,10.951,-0.504,0.201,-0.0074,-0.0761,0.97,0.384
Algiers,Salvador,2901,3958,Africa,Latin America,0.997,0.449,0.0902,0.874,10.502,10.951,-0.672,0.201,0.0141,-0.0761,0.464,0.384
Monrovia,Maputo,1678,1162,Africa,Africa,0.992,0.832,0.0482,0.444,5.833,6.665,-0.199,-0.643,-0.1143,-0.0661,0.969,0.672
Brazzaville,Port-au-Prince,2637,2987,Africa,Latin America,0.99,0.816,0.0461,0.222,6.362,5.546,-0.215,-0.437,-0.1043,-0.1503,-0.135,-0.621
Mombasa,Bujumbura,1440,1206,Africa,Africa,0.986,0.82,0.0165,0.271,6.435,5.615,0.003,-0.268,-0.0979,-0.1143,0.305,-0.167
Maputo,Bandar Lampung,1162,1162,Africa,Asia,0.985,0.118,0.0035,0.832,6.665,6.547,-0.643,0.189,-0.0661,-0.0696,0.672,0.165
Santo Domingo,Puebla,3523,3344,Latin America,Latin America,0.981,0.184,0.022,0.002,6.079,6.263,-0.155,-0.153,-0.1039,-0.1259,-0.751,-1.712
Makassar,Acapulco,1673,1018,Asia,Latin America,0.98,0.129,0.0374,0.935,7.26,7.131,0.427,-0.507,-0.086,-0.0486,0.002,-0.248
Davao,Guatemala City,1949,3095,Asia,Latin America,0.978,0.376,0.0139,0.009,6.311,6.687,-0.076,-0.067,-0.0842,-0.0702,0.331,-0.571
Mombasa,Makassar,1440,1673,Africa,Asia,0.977,0.826,0.0118,0.424,6.435,7.26,0.003,0.427,-0.0979,-0.086,0.305,0.002
Aba,Denpasar,1188,1053,Africa,Asia,0.977,0.033,0.0219,0.969,5.148,5.116,-0.82,0.15,-0.0625,-0.0407,-0.227,-0.327
Kigali,Lilongwe,1247,1276,Africa,Africa,0.975,0.615,0.0041,0.293,5.26,4.646,-0.62,-0.913,-0.0793,-0.0753,0.052,-0.631
Accra,Port-au-Prince,2660,2987,Africa,Latin America,0.968,0.439,0.0814,0.338,5.107,5.546,-0.1,-0.437,-0.0689,-0.1503,0.121,-0.621
Guayaquil,Bandung,3142,2674,Latin America,Asia,0.967,0.708,0.0076,0.13,7.469,8.177,0.329,0.458,-0.0873,-0.0797,-0.906,-1.543
Ouagadougou,Ibadan,3203,3874,Africa,Africa,0.965,0.638,0.0252,0.232,5.062,4.424,-0.458,-0.226,-0.1613,-0.1361,-1.409,-2.093
Lima,Hyderabad,11204,10801,Latin America,Asia,0.952,0.915,0.0211,0.097,9.659,8.743,0.017,-0.08,-0.0883,-0.1094,-1.28,-1.507
Asuncion,Santo Domingo,3510,3523,Latin America,Latin America,0.95,0.188,0.0034,0.073,6.267,6.079,-0.228,-0.155,-0.1072,-0.1039,0.157,-0.751
Davao,Tegucigalpa,1949,1568,Asia,Latin America,0.949,0.674,0.0085,0.156,6.311,5.637,-0.076,-0.232,-0.0842,-0.0926,0.331,-0.314
Guatemala City,Guayaquil,3095,3142,Latin America,Latin America,0.947,0.782,0.0171,0.395,6.687,7.469,-0.067,0.329,-0.0702,-0.0873,-0.571,-0.906
Port-au-Prince,Semarang,2987,1975,Latin America,Asia,0.946,0.664,0.0918,0.653,5.546,6.21,-0.437,0.215,-0.1503,-0.0586,-0.621,-0.67
Kumasi,Guadalajara,3768,5419,Africa,Latin America,0.939,0.586,0.0187,0.569,4.933,5.52,-0.422,0.147,-0.0972,-0.1159,-1.612,-2.06
Brazzaville,Surabaya,2637,3044,Africa,Asia,0.938,0.037,0.0224,0.85,6.362,6.398,-0.215,0.635,-0.1043,-0.0819,-0.135,-0.527
Denpasar,San Salvador,1053,1116,Asia,Latin America,0.935,0.906,0.0192,0.221,5.116,6.022,0.15,-0.071,-0.0407,-0.0599,-0.327,-0.342
Cancun,Bangui,1022,958,Latin America,Africa,0.932,0.767,0.0951,0.471,4.767,4.0,-0.46,-0.931,-0.0353,-0.1304,-0.788,-1.011
Aba,Managua,1188,1094,Africa,Latin America,0.931,0.83,0.0313,0.353,5.148,4.318,-0.82,-0.466,-0.0625,-0.0312,-0.227,-0.449
Batam,Maputo,1748,1162,Asia,Africa,0.931,0.619,0.0438,0.569,7.284,6.665,-0.074,-0.643,-0.0223,-0.0661,1.063,0.672
Lilongwe,Niamey,1276,1437,Africa,Africa,0.93,0.556,0.0124,0.236,4.646,5.201,-0.913,-0.677,-0.0753,-0.0877,-0.631,-1.325
Lusaka,Yaounde,3181,4509,Africa,Africa,0.93,0.847,0.0946,0.242,4.888,5.735,-0.489,-0.247,-0.1002,-0.1948,-1.602,-1.821
Port-au-Prince,Ouagadougou,2987,3203,Latin America,Africa,0.926,0.484,0.011,0.021,5.546,5.062,-0.437,-0.458,-0.1503,-0.1613,-0.621,-1.409
Cali,Semarang,2863,1975,Latin America,Asia,0.925,0.894,0.0661,0.103,7.104,6.21,0.319,0.215,-0.1247,-0.0586,-0.529,-0.67
Addis Ababa,Kano,5460,4348,Africa,Africa,0.923,0.686,0.0386,0.141,6.075,5.39,-0.215,-0.356,-0.1071,-0.1457,-1.217,-1.805
Monrovia,Mombasa,1678,1440,Africa,Africa,0.923,0.602,0.0165,0.202,5.833,6.435,-0.199,0.003,-0.1143,-0.0979,0.969,0.305
Harare,San Salvador,1578,1116,Africa,Latin America,0.922,0.567,0.0221,0.699,6.589,6.022,-0.77,-0.071,-0.0377,-0.0599,-0.156,-0.342
Abidjan,Kampala,5686,3846,Africa,Africa,0.92,0.402,0.0085,0.54,5.632,5.23,0.127,-0.413,-0.1137,-0.1053,-0.838,-1.46
Bujumbura,Semarang,1206,1975,Africa,Asia,0.919,0.595,0.0557,0.483,5.615,6.21,-0.268,0.215,-0.1143,-0.0586,-0.167,-0.67
Mombasa,Harare,1440,1578,Africa,Africa,0.917,0.154,0.0601,0.773,6.435,6.589,0.003,-0.77,-0.0979,-0.0377,0.305,-0.156
Bujumbura,Leon,1206,1898,Africa,Latin America,0.916,0.293,0.0635,0.091,5.615,5.322,-0.268,-0.177,-0.1143,-0.0508,-0.167,-1.025
Puebla,Kano,3344,4348,Latin America,Africa,0.913,0.874,0.0198,0.204,6.263,5.39,-0.153,-0.356,-0.1259,-0.1457,-1.712,-1.805
Addis Ababa,Kampala,5460,3846,Africa,Africa,0.909,0.845,0.0018,0.198,6.075,5.23,-0.215,-0.413,-0.1071,-0.1053,-1.217,-1.46
Asuncion,Antananarivo,3510,3872,Latin America,Africa,0.906,0.155,0.0543,0.374,6.267,6.422,-0.228,-0.602,-0.1072,-0.1616,0.157,-0.602
Luanda,Dar es Salaam,9292,7775,Africa,Africa,0.906,0.73,0.0925,0.353,6.547,5.817,-0.561,-0.208,-0.0898,-0.1823,0.568,0.182
Brazzaville,Jaipur,2637,4207,Africa,Asia,0.905,0.448,0.0468,0.336,6.362,6.81,-0.215,0.12,-0.1043,-0.1511,-0.135,-0.831
Jaipur,Addis Ababa,4207,5460,Asia,Africa,0.903,0.735,0.044,0.335,6.81,6.075,0.12,-0.215,-0.1511,-0.1071,-0.831,-1.217
Port-au-Prince,Kampala,2987,3846,Latin America,Africa,0.898,0.316,0.0451,0.024,5.546,5.23,-0.437,-0.413,-0.1503,-0.1053,-0.621,-1.46
Surabaya,Santo Domingo,3044,3523,Asia,Latin America,0.898,0.319,0.0219,0.79,6.398,6.079,0.635,-0.155,-0.0819,-0.1039,-0.527,-0.751
Antananarivo,Port-au-Prince,3872,2987,Africa,Latin America,0.897,0.876,0.0112,0.165,6.422,5.546,-0.602,-0.437,-0.1616,-0.1503,-0.602,-0.621
Davao,Harare,1949,1578,Asia,Africa,0.896,0.278,0.0464,0.694,6.311,6.589,-0.076,-0.77,-0.0842,-0.0377,0.331,-0.156
Kigali,Queretaro,1247,1413,Africa,Latin America,0.896,0.292,0.0312,0.404,5.26,4.968,-0.62,-0.216,-0.0793,-0.0481,0.052,-0.685
Jakarta,Bangalore,11248,13607,Asia,Asia,0.889,0.364,0.0903,0.559,7.792,7.427,0.606,0.047,-0.0932,-0.1835,-1.311,-1.762
Kampala,Guadalajara,3846,5419,Africa,Latin America,0.888,0.289,0.0106,0.561,5.23,5.52,-0.413,0.147,-0.1053,-0.1159,-1.46,-2.06
Abidjan,Ahmedabad,5686,8650,Africa,Asia,0.886,0.582,0.0079,0.242,5.632,6.214,0.127,-0.115,-0.1137,-0.1058,-0.838,-1.401
Bogota,Manila,11507,14667,Latin America,Asia,0.881,0.754,0.0646,0.302,8.99,9.745,-0.002,0.3,-0.0531,-0.1176,-0.463,-0.779
Puebla,Guadalajara,3344,5419,Latin America,Latin America,0.879,0.743,0.01,0.3,6.263,5.52,-0.153,0.147,-0.1259,-0.1159,-1.712,-2.06
Davao,Bujumbura,1949,1206,Asia,Africa,0.879,0.696,0.0302,0.192,6.311,5.615,-0.076,-0.268,-0.0842,-0.1143,0.331,-0.167
Kumasi,Yaounde,3768,4509,Africa,Africa,0.878,0.801,0.0976,0.174,4.933,5.735,-0.422,-0.247,-0.0972,-0.1948,-1.612,-1.821
Kigali,Denpasar,1247,1053,Africa,Asia,0.871,0.145,0.0387,0.769,5.26,5.116,-0.62,0.15,-0.0793,-0.0407,0.052,-0.327
Queretaro,Palembang,1413,1818,Latin America,Asia,0.871,0.19,0.0287,0.217,4.968,5.158,-0.216,0.002,-0.0481,-0.0768,-0.685,-1.493
Denpasar,Cancun,1053,1022,Asia,Latin America,0.869,0.348,0.0054,0.61,5.116,4.767,0.15,-0.46,-0.0407,-0.0353,-0.327,-0.788
Asuncion,Guatemala City,3510,3095,Latin America,Latin America,0.862,0.42,0.037,0.161,6.267,6.687,-0.228,-0.067,-0.1072,-0.0702,0.157,-0.571
Antananarivo,Jaipur,3872,4207,Africa,Asia,0.861,0.388,0.0105,0.723,6.422,6.81,-0.602,0.12,-0.1616,-0.1511,-0.602,-0.831
Bangkok,Lima,11069,11204,Asia,Latin America,0.856,0.753,0.0572,0.119,8.906,9.659,-0.101,0.017,-0.0311,-0.0883,-1.263,-1.28
Bogota,Bangkok,11507,11069,Latin America,Asia,0.851,0.085,0.022,0.099,8.99,8.906,-0.002,-0.101,-0.0531,-0.0311,-0.463,-1.263
Abidjan,Monterrey,5686,5116,Africa,Latin America,0.85,0.768,0.0823,0.203,5.632,6.4,0.127,-0.076,-0.1137,-0.0314,-0.838,-1.122
Maputo,Harare,1162,1578,Africa,Africa,0.847,0.076,0.0283,0.127,6.665,6.589,-0.643,-0.77,-0.0661,-0.0377,0.672,-0.156
Ouagadougou,Yaounde,3203,4509,Africa,Africa,0.843,0.673,0.0335,0.211,5.062,5.735,-0.458,-0.247,-0.1613,-0.1948,-1.409,-1.821
Queretaro,Niamey,1413,1437,Latin America,Africa,0.843,0.233,0.0396,0.461,4.968,5.201,-0.216,-0.677,-0.0481,-0.0877,-0.685,-1.325
Bujumbura,Queretaro,1206,1413,Africa,Latin America,0.834,0.647,0.0662,0.052,5.615,4.968,-0.268,-0.216,-0.1143,-0.0481,-0.167,-0.685
Bogota,Kolkata,11507,15332,Latin America,Asia,0.83,0.275,0.207,0.114,8.99,9.266,-0.002,0.112,-0.0531,-0.26,-0.463,-1.196
Bujumbura,San Jose,1206,1820,Africa,Latin America,0.829,0.082,0.066,0.202,5.615,5.533,-0.268,-0.066,-0.1143,-0.0483,-0.167,-0.965
Lilongwe,Bobo-Dioulasso,1276,1128,Africa,Africa,0.827,0.551,0.01,0.185,4.646,5.196,-0.913,-0.728,-0.0753,-0.0853,-0.631,-1.205
Managua,Libreville,1094,869,Latin America,Africa,0.818,0.786,0.0064,0.117,4.318,5.104,-0.466,-0.583,-0.0312,-0.0376,-0.449,-0.641
Surat,Belo Horizonte,8064,6247,Asia,Latin America,0.816,0.164,0.0144,0.0,10.308,10.473,0.046,0.046,-0.1023,-0.0879,-0.497,-1.284
Tegucigalpa,Semarang,1568,1975,Latin America,Asia,0.814,0.573,0.0341,0.448,5.637,6.21,-0.232,0.215,-0.0926,-0.0586,-0.314,-0.67
Monrovia,Davao,1678,1949,Africa,Asia,0.814,0.478,0.0302,0.123,5.833,6.311,-0.199,-0.076,-0.1143,-0.0842,0.969,0.331
Managua,Bangui,1094,958,Latin America,Africa,0.809,0.317,0.0992,0.465,4.318,4.0,-0.466,-0.931,-0.0312,-0.1304,-0.449,-1.011
Antananarivo,Addis Ababa,3872,5460,Africa,Africa,0.808,0.347,0.0545,0.387,6.422,6.075,-0.602,-0.215,-0.1616,-0.1071,-0.602,-1.217
Denpasar,Libreville,1053,869,Asia,Africa,0.806,0.012,0.003,0.733,5.116,5.104,0.15,-0.583,-0.0407,-0.0376,-0.327,-0.641
San Jose,Niamey,1820,1437,Latin America,Africa,0.804,0.332,0.0394,0.611,5.533,5.201,-0.066,-0.677,-0.0483,-0.0877,-0.965,-1.325
San Jose,Bobo-Dioulasso,1820,1128,Latin America,Africa,0.802,0.337,0.037,0.663,5.533,5.196,-0.066,-0.728,-0.0483,-0.0853,-0.965,-1.205
Onitsha,Maputo,1623,1162,Africa,Africa,0.801,0.767,0.0077,0.229,7.432,6.665,-0.414,-0.643,-0.0584,-0.0661,0.692,0.672
Surabaya,Cali,3044,2863,Asia,Latin America,0.795,0.706,0.0428,0.316,6.398,7.104,0.635,0.319,-0.0819,-0.1247,-0.527,-0.529
San Salvador,San Jose,1116,1820,Latin America,Latin America,0.793,0.488,0.0116,0.006,6.022,5.533,-0.071,-0.066,-0.0599,-0.0483,-0.342,-0.965
Maputo,Mombasa,1162,1440,Africa,Africa,0.792,0.231,0.0318,0.646,6.665,6.435,-0.643,0.003,-0.0661,-0.0979,0.672,0.305
Semarang,San Jose,1975,1820,Asia,Latin America,0.79,0.677,0.0103,0.281,6.21,5.533,0.215,-0.066,-0.0586,-0.0483,-0.67,-0.965
Santo Domingo,Jaipur,3523,4207,Latin America,Asia,0.788,0.731,0.0472,0.275,6.079,6.81,-0.155,0.12,-0.1039,-0.1511,-0.751,-0.831
Queretaro,Bobo-Dioulasso,1413,1128,Latin America,Africa,0.787,0.228,0.0372,0.513,4.968,5.196,-0.216,-0.728,-0.0481,-0.0853,-0.685,-1.205
Bobo-Dioulasso,Palembang,1128,1818,Africa,Asia,0.786,0.038,0.0085,0.73,5.196,5.158,-0.728,0.002,-0.0853,-0.0768,-1.205,-1.493
Aba,Cancun,1188,1022,Africa,Latin America,0.784,0.381,0.0272,0.359,5.148,4.767,-0.82,-0.46,-0.0625,-0.0353,-0.227,-0.788
Dhaka,Manila,23209,14667,Asia,Asia,0.783,0.444,0.0538,0.488,10.189,9.745,-0.188,0.3,-0.1714,-0.1176,-0.427,-0.779
Aba,Queretaro,1188,1413,Africa,Latin America,0.782,0.18,0.0144,0.604,5.148,4.968,-0.82,-0.216,-0.0625,-0.0481,-0.227,-0.685
Tegucigalpa,Leon,1568,1898,Latin America,Latin America,0.781,0.315,0.0419,0.056,5.637,5.322,-0.232,-0.177,-0.0926,-0.0508,-0.314,-1.025
Bandar Lampung,San Salvador,1162,1116,Asia,Latin America,0.777,0.526,0.0097,0.26,6.547,6.022,0.189,-0.071,-0.0696,-0.0599,0.165,-0.342
Aba,Tegucigalpa,1188,1568,Africa,Latin America,0.777,0.489,0.0301,0.587,5.148,5.637,-0.82,-0.232,-0.0625,-0.0926,-0.227,-0.314
Mombasa,San Salvador,1440,1116,Africa,Latin America,0.773,0.413,0.038,0.074,6.435,6.022,0.003,-0.071,-0.0979,-0.0599,0.305,-0.342
Lilongwe,Queretaro,1276,1413,Africa,Latin America,0.773,0.322,0.0272,0.697,4.646,4.968,-0.913,-0.216,-0.0753,-0.0481,-0.631,-0.685
Bandar Lampung,Makassar,1162,1673,Asia,Asia,0.771,0.713,0.0164,0.239,6.547,7.26,0.189,0.427,-0.0696,-0.086,0.165,0.002
Abuja,Johannesburg,3839,6198,Africa,Africa,0.771,0.349,0.0158,0.214,7.787,8.136,-0.655,-0.441,-0.0221,-0.0379,0.395,-0.256
Tegucigalpa,Queretaro,1568,1413,Latin America,Latin America,0.77,0.669,0.0445,0.017,5.637,4.968,-0.232,-0.216,-0.0926,-0.0481,-0.314,-0.685
Bujumbura,Libreville,1206,869,Africa,Africa,0.769,0.511,0.0767,0.316,5.615,5.104,-0.268,-0.583,-0.1143,-0.0376,-0.167,-0.641
Surabaya,Guatemala City,3044,3095,Asia,Latin America,0.765,0.289,0.0117,0.702,6.398,6.687,0.635,-0.067,-0.0819,-0.0702,-0.527,-0.571
Antananarivo,Monterrey,3872,5116,Africa,Latin America,0.759,0.022,0.1302,0.527,6.422,6.4,-0.602,-0.076,-0.1616,-0.0314,-0.602,-1.122
Lilongwe,Bangui,1276,958,Africa,Africa,0.754,0.645,0.0552,0.018,4.646,4.0,-0.913,-0.931,-0.0753,-0.1304,-0.631,-1.011
Ho Chi Minh City,Manila,9320,14667,Asia,Asia,0.752,0.738,0.0254,0.031,10.483,9.745,0.269,0.3,-0.0922,-0.1176,-0.757,-0.779
Surabaya,Jaipur,3044,4207,Asia,Asia,0.742,0.412,0.0691,0.515,6.398,6.81,0.635,0.12,-0.0819,-0.1511,-0.527,-0.831
Freetown,Kigali,1309,1247,Africa,Africa,0.741,0.144,0.0347,0.011,5.404,5.26,-0.609,-0.62,-0.0446,-0.0793,0.777,0.052
Managua,Queretaro,1094,1413,Latin America,Latin America,0.736,0.65,0.0169,0.251,4.318,4.968,-0.466,-0.216,-0.0312,-0.0481,-0.449,-0.685
Bujumbura,Aba,1206,1188,Africa,Africa,0.73,0.466,0.0518,0.552,5.615,5.148,-0.268,-0.82,-0.1143,-0.0625,-0.167,-0.227
Kumasi,Ibadan,3768,3874,Africa,Africa,0.73,0.51,0.0389,0.195,4.933,4.424,-0.422,-0.226,-0.0972,-0.1361,-1.612,-2.093
Cancun,Niamey,1022,1437,Latin America,Africa,0.729,0.434,0.0524,0.216,4.767,5.201,-0.46,-0.677,-0.0353,-0.0877,-0.788,-1.325
Lusaka,Ibadan,3181,3874,Africa,Africa,0.726,0.464,0.0359,0.263,4.888,4.424,-0.489,-0.226,-0.1002,-0.1361,-1.602,-2.093
Kigali,Libreville,1247,869,Africa,Africa,0.72,0.156,0.0417,0.037,5.26,5.104,-0.62,-0.583,-0.0793,-0.0376,0.052,-0.641
Addis Ababa,Yaounde,5460,4509,Africa,Africa,0.72,0.34,0.0877,0.032,6.075,5.735,-0.215,-0.247,-0.1071,-0.1948,-1.217,-1.821
Brazzaville,Semarang,2637,1975,Africa,Asia,0.706,0.152,0.0457,0.431,6.362,6.21,-0.215,0.215,-0.1043,-0.0586,-0.135,-0.67
Kampala,Yaounde,3846,4509,Africa,Africa,0.704,0.505,0.0896,0.166,5.23,5.735,-0.413,-0.247,-0.1053,-0.1948,-1.46,-1.821
Jaipur,Guayaquil,4207,3142,Asia,Latin America,0.703,0.659,0.0638,0.208,6.81,7.469,0.12,0.329,-0.1511,-0.0873,-0.831,-0.906
Brazzaville,Santo Domingo,2637,3523,Africa,Latin America,0.701,0.283,0.0004,0.061,6.362,6.079,-0.215,-0.155,-0.1043,-0.1039,-0.135,-0.751
Niamey,Palembang,1437,1818,Africa,Asia,0.701,0.043,0.0109,0.678,5.201,5.158,-0.677,0.002,-0.0877,-0.0768,-1.325,-1.493
Delhi,Dhaka,32941,23209,Asia,Asia,0.701,0.519,0.1234,0.139,9.67,10.189,-0.049,-0.188,-0.048,-0.1714,-0.18,-0.427
Manila,Kolkata,14667,15332,Asia,Asia,0.689,0.479,0.1424,0.188,9.745,9.266,0.3,0.112,-0.1176,-0.26,-0.779,-1.196
Bujumbura,Denpasar,1206,1053,Africa,Asia,0.686,0.499,0.0737,0.417,5.615,5.116,-0.268,0.15,-0.1143,-0.0407,-0.167,-0.327
Tegucigalpa,San Jose,1568,1820,Latin America,Latin America,0.684,0.104,0.0444,0.167,5.637,5.533,-0.232,-0.066,-0.0926,-0.0483,-0.314,-0.965
Johannesburg,Pune,6198,7166,Africa,Asia,0.683,0.573,0.0092,0.004,8.136,7.563,-0.441,-0.446,-0.0379,-0.0471,-0.256,-0.48
Abidjan,Addis Ababa,5686,5460,Africa,Africa,0.677,0.443,0.0066,0.342,5.632,6.075,0.127,-0.215,-0.1137,-0.1071,-0.838,-1.217
Kolkata,Hyderabad,15332,10801,Asia,Asia,0.673,0.522,0.1506,0.191,9.266,8.743,0.112,-0.08,-0.26,-0.1094,-1.196,-1.507
Kigali,Tegucigalpa,1247,1568,Africa,Latin America,0.672,0.377,0.0133,0.387,5.26,5.637,-0.62,-0.232,-0.0793,-0.0926,0.052,-0.314
Tegucigalpa,Denpasar,1568,1053,Latin America,Asia,0.671,0.522,0.052,0.382,5.637,5.116,-0.232,0.15,-0.0926,-0.0407,-0.314,-0.327
San Jose,Palembang,1820,1818,Latin America,Asia,0.667,0.375,0.0285,0.067,5.533,5.158,-0.066,0.002,-0.0483,-0.0768,-0.965,-1.493
Brazzaville,Antananarivo,2637,3872,Africa,Africa,0.663,0.06,0.0573,0.387,6.362,6.422,-0.215,-0.602,-0.1043,-0.1616,-0.135,-0.602
Cancun,Bobo-Dioulasso,1022,1128,Latin America,Africa,0.661,0.429,0.05,0.268,4.767,5.196,-0.46,-0.728,-0.0353,-0.0853,-0.788,-1.205
Aba,Lilongwe,1188,1276,Africa,Africa,0.659,0.503,0.0128,0.094,5.148,4.646,-0.82,-0.913,-0.0625,-0.0753,-0.227,-0.631
Puebla,Medan,3344,2439,Latin America,Asia,0.654,0.099,0.0264,0.61,6.263,6.363,-0.153,0.457,-0.1259,-0.0995,-1.712,-1.906
Quito,Phnom Penh,1956,2281,Latin America,Asia,0.653,0.182,0.0242,0.609,8.22,8.402,-0.291,0.318,-0.0537,-0.0779,-0.273,-0.417
Queretaro,San Jose,1413,1820,Latin America,Latin America,0.649,0.565,0.0002,0.15,4.968,5.533,-0.216,-0.066,-0.0481,-0.0483,-0.685,-0.965
Guatemala City,Santo Domingo,3095,3523,Latin America,Latin America,0.648,0.608,0.0336,0.088,6.687,6.079,-0.067,-0.155,-0.0702,-0.1039,-0.571,-0.751
Guatemala City,Antananarivo,3095,3872,Latin America,Africa,0.632,0.265,0.0914,0.536,6.687,6.422,-0.067,-0.602,-0.0702,-0.1616,-0.571,-0.602
Monrovia,Freetown,1678,1309,Africa,Africa,0.63,0.429,0.0697,0.41,5.833,5.404,-0.199,-0.609,-0.1143,-0.0446,0.969,0.777
Chennai,Pune,11776,7166,Asia,Asia,0.626,0.193,0.076,0.441,7.369,7.563,-0.005,-0.446,-0.1231,-0.0471,-0.129,-0.48
Monterrey,Puebla,5116,3344,Latin America,Latin America,0.625,0.137,0.0945,0.077,6.4,6.263,-0.076,-0.153,-0.0314,-0.1259,-1.122,-1.712
Manila,Lima,14667,11204,Asia,Latin America,0.62,0.086,0.0293,0.282,9.745,9.659,0.3,0.017,-0.1176,-0.0883,-0.779,-1.28
Harare,Acapulco,1578,1018,Africa,Latin America,0.62,0.542,0.0109,0.263,6.589,7.131,-0.77,-0.507,-0.0377,-0.0486,-0.156,-0.248
Port-au-Prince,Santo Domingo,2987,3523,Latin America,Latin America,0.619,0.533,0.0465,0.283,5.546,6.079,-0.437,-0.155,-0.1503,-0.1039,-0.621,-0.751
Libreville,Bobo-Dioulasso,869,1128,Africa,Africa,0.616,0.093,0.0477,0.145,5.104,5.196,-0.583,-0.728,-0.0376,-0.0853,-0.641,-1.205
Leon,Niamey,1898,1437,Latin America,Africa,0.603,0.121,0.0369,0.5,5.322,5.201,-0.177,-0.677,-0.0508,-0.0877,-1.025,-1.325
Chennai,Karachi,11776,17236,Asia,Asia,0.596,0.543,0.0431,0.024,7.369,7.912,-0.005,0.019,-0.1231,-0.0799,-0.129,-0.316
Ho Chi Minh City,Belo Horizonte,9320,6247,Asia,Latin America,0.595,0.01,0.0043,0.223,10.483,10.473,0.269,0.046,-0.0922,-0.0879,-0.757,-1.284
Antananarivo,Santo Domingo,3872,3523,Africa,Latin America,0.592,0.343,0.0577,0.448,6.422,6.079,-0.602,-0.155,-0.1616,-0.1039,-0.602,-0.751
Managua,Lilongwe,1094,1276,Latin America,Africa,0.587,0.328,0.0441,0.447,4.318,4.646,-0.466,-0.913,-0.0312,-0.0753,-0.449,-0.631
Kano,Guadalajara,4348,5419,Africa,Latin America,0.583,0.13,0.0298,0.504,5.39,5.52,-0.356,0.147,-0.1457,-0.1159,-1.805,-2.06
Cali,Guatemala City,2863,3095,Latin America,Latin America,0.582,0.417,0.0545,0.386,7.104,6.687,0.319,-0.067,-0.1247,-0.0702,-0.529,-0.571
Puebla,Yaounde,3344,4509,Latin America,Africa,0.579,0.528,0.069,0.094,6.263,5.735,-0.153,-0.247,-0.1259,-0.1948,-1.712,-1.821
Lusaka,Kano,3181,4348,Africa,Africa,0.575,0.502,0.0454,0.133,4.888,5.39,-0.489,-0.356,-0.1002,-0.1457,-1.602,-1.805
Managua,Cancun,1094,1022,Latin America,Latin America,0.574,0.449,0.0041,0.006,4.318,4.767,-0.466,-0.46,-0.0312,-0.0353,-0.449,-0.788
Brazzaville,Guatemala City,2637,3095,Africa,Latin America,0.57,0.325,0.034,0.149,6.362,6.687,-0.215,-0.067,-0.1043,-0.0702,-0.135,-0.571
Kinshasa,Karachi,16315,17236,Africa,Asia,0.569,0.401,0.3249,0.119,7.511,7.912,0.138,0.019,-0.4049,-0.0799,-0.115,-0.316
Lilongwe,Libreville,1276,869,Africa,Africa,0.568,0.458,0.0377,0.33,4.646,5.104,-0.913,-0.583,-0.0753,-0.0376,-0.631,-0.641
Guatemala City,Semarang,3095,1975,Latin America,Asia,0.565,0.477,0.0117,0.282,6.687,6.21,-0.067,0.215,-0.0702,-0.0586,-0.571,-0.67
Kolkata,Bangkok,15332,11069,Asia,Asia,0.563,0.36,0.229,0.213,9.266,8.906,0.112,-0.101,-0.26,-0.0311,-1.196,-1.263
Kigali,Bujumbura,1247,1206,Africa,Africa,0.558,0.355,0.035,0.352,5.26,5.615,-0.62,-0.268,-0.0793,-0.1143,0.052,-0.167
Jaipur,Monterrey,4207,5116,Asia,Latin America,0.553,0.41,0.1197,0.196,6.81,6.4,0.12,-0.076,-0.1511,-0.0314,-0.831,-1.122
Ouagadougou,Kano,3203,4348,Africa,Africa,0.549,0.328,0.0157,0.102,5.062,5.39,-0.458,-0.356,-0.1613,-0.1457,-1.409,-1.805
Denpasar,Queretaro,1053,1413,Asia,Latin America,0.544,0.147,0.0074,0.365,5.116,4.968,0.15,-0.216,-0.0407,-0.0481,-0.327,-0.685
Port-au-Prince,Leon,2987,1898,Latin America,Latin America,0.54,0.224,0.0996,0.26,5.546,5.322,-0.437,-0.177,-0.1503,-0.0508,-0.621,-1.025
Santo Domingo,Abidjan,3523,5686,Latin America,Africa,0.538,0.447,0.0099,0.282,6.079,5.632,-0.155,0.127,-0.1039,-0.1137,-0.751,-0.838
Addis Ababa,Puebla,5460,3344,Africa,Latin America,0.536,0.188,0.0188,0.062,6.075,6.263,-0.215,-0.153,-0.1071,-0.1259,-1.217,-1.712
Brasilia,Cape Town,4873,4890,Latin America,Africa,0.536,0.502,0.0022,0.007,11.316,11.818,-0.504,-0.511,-0.0074,-0.0052,0.97,0.788
Batam,Onitsha,1748,1623,Asia,Africa,0.532,0.148,0.0361,0.34,7.284,7.432,-0.074,-0.414,-0.0223,-0.0584,1.063,0.692
Kumasi,Kano,3768,4348,Africa,Africa,0.531,0.456,0.0484,0.065,4.933,5.39,-0.422,-0.356,-0.0972,-0.1457,-1.612,-1.805
Leon,Palembang,1898,1818,Latin America,Asia,0.53,0.164,0.026,0.179,5.322,5.158,-0.177,0.002,-0.0508,-0.0768,-1.025,-1.493
Port-au-Prince,San Jose,2987,1820,Latin America,Latin America,0.53,0.013,0.1021,0.372,5.546,5.533,-0.437,-0.066,-0.1503,-0.0483,-0.621,-0.965
Cali,Guayaquil,2863,3142,Latin America,Latin America,0.528,0.365,0.0374,0.01,7.104,7.469,0.319,0.329,-0.1247,-0.0873,-0.529,-0.906
Yaounde,Guadalajara,4509,5419,Africa,Latin America,0.526,0.215,0.079,0.395,5.735,5.52,-0.247,0.147,-0.1948,-0.1159,-1.821,-2.06
Queretaro,Leon,1413,1898,Latin America,Latin America,0.502,0.354,0.0027,0.039,4.968,5.322,-0.216,-0.177,-0.0481,-0.0508,-0.685,-1.025
Santo Domingo,Monterrey,3523,5116,Latin America,Latin America,0.502,0.321,0.0725,0.079,6.079,6.4,-0.155,-0.076,-0.1039,-0.0314,-0.751,-1.122
Lilongwe,Cancun,1276,1022,Africa,Latin America,0.5,0.121,0.04,0.453,4.646,4.767,-0.913,-0.46,-0.0753,-0.0353,-0.631,-0.788
Bujumbura,San Salvador,1206,1116,Africa,Latin America,0.492,0.407,0.0544,0.196,5.615,6.022,-0.268,-0.071,-0.1143,-0.0599,-0.167,-0.342
Davao,Brazzaville,1949,2637,Asia,Africa,0.49,0.051,0.0201,0.139,6.311,6.362,-0.076,-0.215,-0.0842,-0.1043,0.331,-0.135
Surat,Ho Chi Minh City,8064,9320,Asia,Asia,0.486,0.175,0.0101,0.223,10.308,10.483,0.046,0.269,-0.1023,-0.0922,-0.497,-0.757
Aba,Libreville,1188,869,Africa,Africa,0.484,0.045,0.0249,0.236,5.148,5.104,-0.82,-0.583,-0.0625,-0.0376,-0.227,-0.641
Surabaya,Semarang,3044,1975,Asia,Asia,0.484,0.188,0.0234,0.42,6.398,6.21,0.635,0.215,-0.0819,-0.0586,-0.527,-0.67
Santo Domingo,Addis Ababa,3523,5460,Latin America,Africa,0.479,0.004,0.0032,0.06,6.079,6.075,-0.155,-0.215,-0.1039,-0.1071,-0.751,-1.217
Kolkata,Lima,15332,11204,Asia,Latin America,0.471,0.393,0.1717,0.094,9.266,9.659,0.112,0.017,-0.26,-0.0883,-1.196,-1.28
Cali,Jaipur,2863,4207,Latin America,Asia,0.469,0.294,0.0264,0.198,7.104,6.81,0.319,0.12,-0.1247,-0.1511,-0.529,-0.831
Kampala,Kano,3846,4348,Africa,Africa,0.451,0.159,0.0404,0.057,5.23,5.39,-0.413,-0.356,-0.1053,-0.1457,-1.46,-1.805
Bangkok,Hyderabad,11069,10801,Asia,Asia,0.442,0.162,0.0784,0.022,8.906,8.743,-0.101,-0.08,-0.0311,-0.1094,-1.263,-1.507
Nairobi,Medellin,5325,4102,Africa,Latin America,0.436,0.118,0.0044,0.3,9.556,9.674,-0.287,0.014,-0.1025,-0.1069,-0.007,-0.249
Tegucigalpa,San Salvador,1568,1116,Latin America,Latin America,0.434,0.384,0.0328,0.161,5.637,6.022,-0.232,-0.071,-0.0926,-0.0599,-0.314,-0.342
Libreville,Cancun,869,1022,Africa,Latin America,0.402,0.337,0.0023,0.123,5.104,4.767,-0.583,-0.46,-0.0376,-0.0353,-0.641,-0.788
Libreville,Queretaro,869,1413,Africa,Latin America,0.395,0.136,0.0105,0.367,5.104,4.968,-0.583,-0.216,-0.0376,-0.0481,-0.641,-0.685
Monterrey,Addis Ababa,5116,5460,Latin America,Africa,0.391,0.325,0.0757,0.139,6.4,6.075,-0.076,-0.215,-0.0314,-0.1071,-1.122,-1.217
Kampala,Lusaka,3846,3181,Africa,Africa,0.39,0.342,0.005,0.076,5.23,4.888,-0.413,-0.489,-0.1053,-0.1002,-1.46,-1.602
Kinshasa,Chennai,16315,11776,Africa,Asia,0.373,0.142,0.2818,0.142,7.511,7.369,0.138,-0.005,-0.4049,-0.1231,-0.115,-0.129
Kano,Yaounde,4348,4509,Africa,Africa,0.37,0.345,0.0492,0.109,5.39,5.735,-0.356,-0.247,-0.1457,-0.1948,-1.805,-1.821
Kigali,Aba,1247,1188,Africa,Africa,0.365,0.112,0.0168,0.2,5.26,5.148,-0.62,-0.82,-0.0793,-0.0625,0.052,-0.227
Guatemala City,Jaipur,3095,4207,Latin America,Asia,0.36,0.123,0.0808,0.187,6.687,6.81,-0.067,0.12,-0.0702,-0.1511,-0.571,-0.831
Queretaro,Cancun,1413,1022,Latin America,Latin America,0.353,0.201,0.0128,0.245,4.968,4.767,-0.216,-0.46,-0.0481,-0.0353,-0.685,-0.788
Kampala,Kumasi,3846,3768,Africa,Africa,0.339,0.297,0.008,0.009,5.23,4.933,-0.413,-0.422,-0.1053,-0.0972,-1.46,-1.612
Addis Ababa,Ahmedabad,5460,8650,Africa,Asia,0.334,0.139,0.0013,0.1,6.075,6.214,-0.215,-0.115,-0.1071,-0.1058,-1.217,-1.401
Asuncion,Brazzaville,3510,2637,Latin America,Africa,0.309,0.095,0.003,0.013,6.267,6.362,-0.228,-0.215,-0.1072,-0.1043,0.157,-0.135
Ouagadougou,Lusaka,3203,3181,Africa,Africa,0.27,0.174,0.0611,0.031,5.062,4.888,-0.458,-0.489,-0.1613,-0.1002,-1.409,-1.602
Mombasa,Bandar Lampung,1440,1162,Africa,Asia,0.268,0.113,0.0283,0.185,6.435,6.547,0.003,0.189,-0.0979,-0.0696,0.305,0.165
San Jose,Leon,1820,1898,Latin America,Latin America,0.264,0.211,0.0025,0.111,5.533,5.322,-0.066,-0.177,-0.0483,-0.0508,-0.965,-1.025
Ouagadougou,Kumasi,3203,3768,Africa,Africa,0.251,0.128,0.0641,0.037,5.062,4.933,-0.458,-0.422,-0.1613,-0.0972,-1.409,-1.612
Bangalore,Mexico City,13607,22281,Asia,Latin America,0.234,0.063,0.0287,0.131,7.427,7.49,0.047,0.178,-0.1835,-0.1548,-1.762,-1.839
Ouagadougou,Kampala,3203,3846,Africa,Africa,0.202,0.168,0.056,0.045,5.062,5.23,-0.458,-0.413,-0.1613,-0.1053,-1.409,-1.46
Bujumbura,Tegucigalpa,1206,1568,Africa,Latin America,0.161,0.022,0.0217,0.035,5.615,5.637,-0.268,-0.232,-0.1143,-0.0926,-0.167,-0.314
Davao,Mombasa,1949,1440,Asia,Africa,0.15,0.124,0.0137,0.079,6.311,6.435,-0.076,0.003,-0.0842,-0.0979,0.331,0.305
Bobo-Dioulasso,Niamey,1128,1437,Africa,Africa,0.131,0.005,0.0024,0.052,5.196,5.201,-0.728,-0.677,-0.0853,-0.0877,-1.205,-1.325
Lusaka,Kumasi,3181,3768,Africa,Africa,0.09,0.045,0.003,0.068,4.888,4.933,-0.489,-0.422,-0.1002,-0.0972,-1.602,-1.612
